timestamp,status,metric
SYNCING_173s,有人,2.1477
SYNCING_174s,有人,2.1640
SYNCING_175s,有人,2.1652
SYNCING_177s,有人,2.2591
SYNCING_180s,有人,2.3222
SYNCING_181s,有人,2.3475
SYNCING_183s,有人,2.3979
SYNCING_186s,有人,2.3886
SYNCING_187s,有人,2.4838
SYNCING_188s,有人,2.4745
SYNCING_190s,有人,2.4947
SYNCING_193s,有人,2.5854
SYNCING_194s,有人,2.5767
SYNCING_196s,有人,2.5940
SYNCING_199s,有人,2.6087
SYNCING_200s,有人,2.7384
SYNCING_201s,有人,2.7763
SYNCING_203s,有人,2.7884
SYNCING_206s,有人,2.7945
SYNCING_206s,有人,2.8041
SYNCING_207s,有人,2.8560
SYNCING_209s,有人,2.7840
SYNCING_212s,有人,2.7918
SYNCING_213s,有人,2.8293
SYNCING_214s,有人,2.9249
SYNCING_216s,有人,2.9348
SYNCING_219s,有人,2.9540
SYNCING_219s,有人,2.9584
SYNCING_220s,有人,3.0417
SYNCING_222s,有人,3.0042
SYNCING_225s,有人,2.9929
SYNCING_226s,有人,2.8689
SYNCING_227s,有人,2.8650
SYNCING_229s,有人,2.8505
SYNCING_232s,有人,2.8498
SYNCING_232s,有人,2.8594
SYNCING_233s,有人,2.8519
SYNCING_235s,有人,2.9000
SYNCING_238s,有人,2.9179
SYNCING_239s,有人,2.9037
SYNCING_240s,有人,2.9079
SYNCING_242s,有人,2.9487
SYNCING_245s,有人,3.0309
SYNCING_245s,有人,3.0653
SYNCING_246s,有人,3.1195
SYNCING_248s,有人,3.1589
SYNCING_251s,有人,3.1436
SYNCING_252s,有人,3.1616
SYNCING_253s,有人,3.1429
SYNCING_255s,有人,3.1058
SYNCING_258s,有人,3.0802
SYNCING_258s,有人,3.0651
SYNCING_259s,有人,3.0526
SYNCING_261s,有人,3.0157
SYNCING_264s,有人,3.0415
SYNCING_265s,有人,3.0328
SYNCING_266s,有人,3.1011
SYNCING_268s,有人,3.1208
SYNCING_271s,有人,3.1641
SYNCING_271s,有人,3.0903
SYNCING_272s,有人,3.1264
SYNCING_274s,有人,3.1723
SYNCING_274s,有人,3.2312
SYNCING_277s,有人,3.2813
SYNCING_278s,有人,3.2958
SYNCING_279s,有人,3.2732
SYNCING_281s,有人,3.2780
SYNCING_284s,有人,3.2806
SYNCING_285s,有人,3.2749
SYNCING_287s,有人,3.3202
SYNCING_290s,有人,3.3623
SYNCING_291s,有人,3.3955
SYNCING_292s,有人,3.3343
SYNCING_294s,有人,3.3009
SYNCING_297s,有人,3.3121
SYNCING_297s,有人,3.2868
SYNCING_298s,有人,3.3268
SYNCING_300s,有人,3.4309
SYNCING_303s,有人,3.5234
SYNCING_304s,有人,3.6383
SYNCING_305s,有人,3.6778
SYNCING_307s,有人,3.6487
SYNCING_310s,有人,3.6980
SYNCING_310s,有人,3.7019
SYNCING_311s,有人,3.7347
SYNCING_313s,有人,3.6948
SYNCING_316s,有人,3.7255
SYNCING_317s,有人,3.7219
SYNCING_318s,有人,3.7712
SYNCING_320s,有人,3.7822
SYNCING_323s,有人,4.3439
SYNCING_324s,有人,4.4302
SYNCING_326s,有人,4.5270
SYNCING_329s,有人,4.6256
SYNCING_330s,有人,4.6863
SYNCING_331s,有人,4.7871
SYNCING_333s,有人,4.7615
SYNCING_336s,有人,4.8160
SYNCING_336s,有人,4.8560
SYNCING_337s,有人,4.8939
SYNCING_339s,有人,4.9867
SYNCING_342s,有人,5.0255
SYNCING_343s,有人,5.1001
SYNCING_344s,有人,5.0899
SYNCING_346s,有人,5.1558
SYNCING_349s,有人,5.3404
SYNCING_350s,有人,5.5098
SYNCING_352s,有人,5.6442
SYNCING_355s,有人,5.7338
SYNCING_356s,有人,5.7973
SYNCING_357s,有人,5.8167
SYNCING_359s,有人,5.8045
SYNCING_362s,有人,5.9887
SYNCING_362s,有人,6.0602
SYNCING_363s,有人,6.1414
SYNCING_365s,有人,6.2186
SYNCING_368s,有人,6.2570
SYNCING_369s,有人,6.3282
SYNCING_370s,有人,6.3905
SYNCING_372s,有人,6.4169
SYNCING_375s,有人,6.3656
SYNCING_375s,有人,6.3565
SYNCING_376s,有人,6.3978
SYNCING_378s,有人,6.5380
SYNCING_381s,有人,6.4651
SYNCING_382s,有人,6.5016
SYNCING_383s,有人,6.5107
SYNCING_385s,有人,6.5375
SYNCING_388s,有人,6.4805
SYNCING_388s,有人,6.5495
SYNCING_389s,有人,6.5661
SYNCING_391s,有人,6.6721
SYNCING_394s,有人,6.7565
SYNCING_395s,有人,6.7795
SYNCING_396s,有人,6.8041
SYNCING_398s,有人,6.8186
SYNCING_401s,有人,6.8237
SYNCING_401s,有人,6.7773
SYNCING_402s,有人,6.7768
SYNCING_404s,有人,6.9094
SYNCING_407s,有人,6.9026
SYNCING_408s,有人,6.8327
SYNCING_409s,有人,6.7487
SYNCING_411s,有人,6.7144
SYNCING_414s,有人,6.6812
SYNCING_414s,有人,6.6392
SYNCING_415s,有人,6.6272
SYNCING_417s,有人,6.6999
SYNCING_420s,有人,6.7052
SYNCING_421s,有人,6.7141
SYNCING_422s,有人,6.7107
SYNCING_424s,有人,6.6980
SYNCING_427s,有人,6.6806
SYNCING_427s,有人,6.6426
SYNCING_428s,有人,6.6062
SYNCING_430s,有人,6.5810
SYNCING_433s,有人,6.4972
SYNCING_434s,有人,6.4767
SYNCING_435s,有人,6.4411
SYNCING_437s,有人,6.3571
SYNCING_440s,有人,6.2239
SYNCING_440s,有人,6.1014
SYNCING_441s,有人,5.9524
SYNCING_443s,有人,5.8418
SYNCING_446s,有人,5.7015
SYNCING_447s,有人,5.6019
SYNCING_448s,有人,5.5253
SYNCING_450s,有人,5.3793
SYNCING_453s,有人,5.3681
SYNCING_453s,有人,5.3170
SYNCING_454s,有人,5.2176
SYNCING_456s,有人,5.1057
SYNCING_459s,有人,5.0914
SYNCING_460s,有人,5.0578
SYNCING_461s,有人,4.9831
SYNCING_463s,有人,4.8274
SYNCING_466s,有人,4.5858
SYNCING_467s,有人,4.3429
SYNCING_469s,有人,4.1312
SYNCING_472s,有人,3.8417
SYNCING_473s,有人,3.7382
16:47:52,有人,1.9557
16:47:55,有人,1.9834
16:47:56,有人,1.9538
16:47:57,有人,1.9594
16:47:59,有人,1.9396
16:48:02,有人,1.9616
16:48:02,有人,1.9378
16:48:03,有人,1.9575
16:48:05,有人,1.9578
16:48:08,有人,1.9620
16:48:09,有人,1.9123
16:48:10,有人,1.8611
16:48:12,有人,1.8582
16:48:15,有人,1.8598
16:48:16,有人,1.8689
16:48:18,有人,1.9205
16:48:21,有人,1.9308
16:48:22,有人,1.9237
16:48:23,有人,1.8865
16:48:25,有人,1.8691
16:48:28,有人,1.8740
16:48:28,有人,1.9102
16:48:29,有人,1.9212
16:48:31,有人,1.9211
16:48:34,有人,1.9132
16:48:35,有人,1.9183
16:48:36,有人,1.9181
16:48:38,有人,1.9018
16:48:41,有人,1.8774
16:58:20,没人,1.0182
16:58:20,没人,1.0186
16:58:20,没人,1.0217
16:58:20,没人,1.0182
16:58:20,没人,1.0196
16:58:20,没人,1.0211
16:58:20,没人,1.0185
16:58:20,没人,1.0180
16:58:20,没人,1.0310
16:58:20,没人,1.0328
16:58:20,没人,1.0336
16:58:20,没人,1.0297
16:58:20,没人,1.0344
16:58:20,没人,1.0350
16:58:20,没人,1.0310
16:58:20,没人,1.0295
16:58:20,没人,1.0341
16:58:20,没人,1.0398
16:58:20,没人,1.0328
16:58:20,没人,1.0334
16:58:20,没人,1.0338
16:58:20,没人,1.0480
16:58:20,没人,1.0530
16:58:20,没人,1.0526
16:58:20,没人,1.0526
16:58:20,没人,1.0518
16:58:20,没人,1.0528
16:58:20,没人,1.0545
16:58:20,没人,1.0538
16:58:20,没人,1.0527
16:58:20,没人,1.0552
16:58:20,没人,1.0555
16:58:21,没人,1.0561
16:58:21,没人,1.0556
16:58:21,没人,1.0623
16:58:21,没人,1.0632
16:58:21,没人,1.0698
16:58:21,没人,1.0730
16:58:21,没人,1.0784
16:58:21,没人,1.1378
16:58:21,没人,1.1547
16:58:21,没人,1.1850
16:58:21,没人,1.2315
16:58:21,没人,1.2907
16:58:21,没人,1.3630
16:58:21,没人,1.4723
16:58:21,没人,1.5773
16:58:21,没人,1.6758
16:58:21,没人,1.7614
16:58:21,没人,1.8356
16:58:21,没人,1.8966
16:58:21,没人,1.9310
16:58:21,没人,1.9668
16:58:21,没人,2.0705
16:58:21,没人,2.3261
16:58:21,没人,2.5944
16:58:21,没人,2.8105
16:58:21,没人,2.9733
16:58:21,没人,3.1729
16:58:21,没人,3.3363
16:58:21,没人,3.5679
16:58:21,没人,3.6807
16:58:21,没人,3.7552
16:58:21,没人,3.8138
16:58:21,没人,3.8666
16:58:21,没人,3.9091
16:58:21,没人,3.9286
16:58:21,没人,3.9429
16:58:21,没人,3.9690
16:58:21,没人,3.9780
16:58:21,没人,3.9917
16:58:21,没人,4.0041
16:58:21,没人,4.0173
16:58:21,没人,4.0201
16:58:21,没人,4.0132
16:58:21,没人,4.0027
16:58:21,没人,3.9892
16:58:21,没人,3.9782
16:58:21,没人,3.8107
16:58:21,没人,3.6418
16:58:21,没人,3.6288
16:58:21,没人,3.6106
16:58:22,没人,3.5959
16:58:22,没人,3.5770
16:58:22,没人,3.3485
16:58:22,没人,3.3177
16:58:22,没人,3.3129
16:58:22,没人,3.3016
16:58:22,没人,3.2832
16:58:22,没人,3.2693
16:58:22,没人,3.2592
16:58:22,没人,3.2366
16:58:22,没人,3.2180
16:58:22,没人,3.2001
16:58:22,没人,3.1837
16:58:22,没人,3.1624
16:58:22,没人,3.1547
16:58:22,没人,3.1385
16:58:22,没人,3.1205
16:58:22,没人,3.1165
16:58:22,没人,3.0946
16:58:22,没人,3.0740
16:58:22,没人,3.0524
16:58:22,没人,3.0445
16:58:22,没人,3.0216
16:58:22,没人,3.0013
16:58:22,没人,2.9912
16:58:22,没人,2.9820
16:58:22,没人,2.9822
16:58:22,没人,2.9800
16:58:22,没人,2.9938
16:58:22,没人,3.0054
16:58:22,没人,3.0226
16:58:22,没人,3.0149
16:58:22,没人,3.0206
16:58:22,没人,3.0079
16:58:22,没人,2.9817
16:58:22,没人,2.9436
16:58:22,没人,2.9149
16:58:22,没人,2.8812
16:58:22,没人,2.8822
16:58:22,没人,2.8575
16:58:22,没人,2.8200
16:58:22,没人,2.7895
16:58:22,没人,2.7505
16:58:22,没人,2.7200
16:58:22,没人,2.6808
16:58:22,没人,2.6501
16:58:22,没人,2.6226
16:58:22,没人,2.5879
16:58:22,没人,2.5529
16:58:22,没人,2.5212
16:58:23,没人,2.4926
16:58:23,没人,2.4622
16:58:23,没人,2.4363
16:58:23,没人,2.4061
16:58:23,没人,2.3808
16:58:23,没人,2.3517
16:58:23,没人,2.3418
16:58:23,没人,2.2853
16:58:23,没人,2.2719
16:58:23,没人,2.2628
16:58:23,没人,2.2516
16:58:23,没人,2.2436
16:58:23,没人,2.2233
16:58:23,没人,2.1886
16:58:23,没人,2.1572
16:58:23,没人,2.1302
16:58:23,没人,2.1039
16:58:23,没人,2.0759
16:58:23,没人,2.0520
16:58:23,没人,2.0316
16:58:23,没人,2.0158
16:58:23,没人,1.9669
16:58:23,没人,1.8270
16:58:23,没人,1.6786
16:58:23,没人,1.5693
16:58:23,没人,1.4780
16:58:23,没人,1.3517
16:58:23,没人,1.2634
16:58:23,没人,1.1162
16:58:23,没人,1.0498
16:58:23,没人,1.0105
16:58:23,没人,0.9491
16:58:23,没人,0.8923
16:58:23,没人,0.8569
16:58:23,没人,0.8743
16:58:23,没人,0.9110
16:58:23,没人,1.2038
16:58:23,没人,1.2436
16:58:23,没人,1.2636
16:58:23,没人,1.2840
16:58:23,没人,1.2801
16:58:23,没人,1.2756
16:58:23,没人,1.2737
16:58:23,没人,1.2783
16:58:23,没人,1.2753
16:58:23,没人,1.2744
16:58:23,没人,1.2859
16:58:23,没人,1.2840
16:58:23,没人,1.2989
16:58:23,没人,1.2913
16:58:23,没人,1.2842
16:58:24,没人,1.2743
16:58:24,没人,1.2596
16:58:24,没人,1.2446
16:58:24,没人,1.2261
16:58:24,没人,1.2262
16:58:24,没人,1.2215
16:58:24,没人,1.2193
16:58:24,没人,1.2116
16:58:24,没人,1.2103
16:58:24,没人,1.2122
16:58:24,没人,1.2050
16:58:24,没人,1.2131
16:58:24,没人,1.2178
16:58:24,没人,1.2187
16:58:24,没人,1.2430
16:58:24,没人,1.2532
16:58:24,没人,1.2690
16:58:24,没人,1.3025
16:58:24,没人,1.3776
16:58:24,没人,1.4215
16:58:24,没人,1.4452
16:58:24,没人,1.4743
16:58:24,没人,1.4869
16:58:24,没人,1.4998
16:58:24,没人,1.5053
16:58:24,没人,1.5053
16:58:24,没人,1.4943
16:58:24,没人,1.4535
16:58:24,没人,1.4106
16:58:24,没人,1.3618
16:58:24,没人,1.3377
16:58:24,没人,1.3049
16:58:24,没人,1.2890
16:58:24,没人,1.2780
16:58:24,没人,1.2805
16:58:24,没人,1.2816
16:58:24,没人,1.2838
16:58:24,没人,1.2540
16:58:24,没人,1.2680
16:58:24,没人,1.2788
16:58:24,没人,1.2917
16:58:24,没人,1.3160
16:58:24,没人,1.3410
16:58:24,没人,1.3583
16:58:24,没人,1.3724
16:58:24,没人,1.3850
16:58:24,没人,1.4115
16:58:24,没人,2.0476
16:58:24,没人,2.0769
16:58:24,没人,2.0969
16:58:24,没人,2.1233
16:58:25,没人,2.1496
16:58:25,没人,2.1754
16:58:25,没人,2.2102
16:58:25,没人,2.2423
16:58:25,没人,2.8537
16:58:25,没人,2.8889
16:58:25,没人,2.9229
16:58:25,没人,2.9516
16:58:25,没人,2.9749
16:58:25,没人,3.0228
16:58:25,没人,3.0726
16:58:25,没人,3.1050
16:58:25,没人,3.1292
16:58:25,没人,3.1345
16:58:25,没人,3.1340
16:58:25,没人,3.1359
16:58:25,没人,3.1477
16:58:25,没人,3.1574
16:58:25,没人,3.1640
16:58:25,没人,3.7126
16:58:25,没人,3.7116
16:58:25,没人,3.7222
16:58:25,没人,3.7229
16:58:25,没人,3.7399
16:58:25,没人,3.7467
16:58:25,没人,3.7672
16:58:25,没人,3.7716
16:58:25,没人,3.7939
16:58:25,没人,3.8024
16:58:25,没人,3.8068
16:58:25,没人,3.7897
16:58:25,没人,3.7682
16:58:25,没人,3.7017
16:58:25,没人,3.6158
16:58:25,没人,3.3823
16:58:25,没人,3.2994
16:58:25,没人,3.2450
16:58:25,没人,3.2090
16:58:25,没人,3.2167
16:58:25,没人,3.2209
16:58:25,没人,3.2229
16:58:25,没人,3.2222
16:58:25,没人,3.2315
16:58:25,没人,3.2381
16:58:25,没人,3.2265
16:58:25,没人,3.2113
16:58:25,没人,3.1578
16:58:25,没人,3.1325
16:58:25,没人,3.1220
16:58:25,没人,3.1350
16:58:25,没人,3.1350
16:58:25,没人,3.1417
16:58:25,没人,3.1307
16:58:25,没人,3.1195
16:58:25,没人,3.1182
16:58:26,没人,3.4329
16:58:26,没人,3.4245
16:58:26,没人,3.4305
16:58:26,没人,3.4290
16:58:26,没人,3.4597
16:58:26,没人,3.4851
16:58:26,没人,3.5054
16:58:26,没人,3.5229
16:58:26,没人,3.5505
16:58:26,没人,3.5760
16:58:26,没人,3.5916
16:58:26,没人,3.6066
16:58:26,没人,3.6121
16:58:26,没人,3.6179
16:58:26,没人,3.6175
16:58:26,没人,3.6208
16:58:26,没人,3.6309
16:58:26,没人,3.6291
16:58:26,没人,3.6362
16:58:26,没人,3.6462
16:58:26,没人,3.6499
16:58:26,没人,3.6634
16:58:26,没人,3.6633
16:58:26,没人,3.6918
16:58:26,没人,3.7028
16:58:26,没人,3.7018
16:58:26,没人,3.6887
16:58:26,没人,3.7272
16:58:26,没人,3.7157
16:58:26,没人,3.7008
16:58:26,没人,3.6905
16:58:26,没人,3.6901
16:58:26,没人,3.7189
16:58:26,没人,3.7451
16:58:26,没人,3.7971
16:58:26,没人,3.8296
16:58:26,没人,3.8759
16:58:26,没人,3.9250
16:58:26,没人,3.9580
16:58:26,没人,3.9818
16:58:26,没人,4.0121
16:58:26,没人,3.5136
16:58:26,没人,3.5443
16:58:26,没人,3.5906
16:58:26,没人,3.6435
16:58:26,没人,3.6854
16:58:26,没人,3.7274
16:58:26,没人,3.7817
16:58:26,没人,3.8212
16:58:26,没人,3.2789
16:58:26,没人,3.2955
16:58:26,没人,3.3157
16:58:26,没人,3.3230
16:58:26,没人,3.3152
16:58:26,没人,3.2756
16:58:26,没人,3.2305
16:58:26,没人,3.1990
16:58:26,没人,3.1742
16:58:26,没人,3.1634
16:58:27,没人,3.1560
16:58:27,没人,3.1624
16:58:27,没人,3.1536
16:58:27,没人,3.1609
16:58:27,没人,3.1681
16:58:27,没人,2.5954
16:58:27,没人,2.5980
16:58:27,没人,2.5814
16:58:27,没人,2.5895
16:58:27,没人,2.5822
16:58:27,没人,2.5791
16:58:27,没人,2.5812
16:58:27,没人,2.5933
16:58:27,没人,2.5818
16:58:27,没人,2.5782
16:58:27,没人,2.5739
16:58:27,没人,2.5710
16:58:27,没人,2.5820
16:58:27,没人,2.5829
16:58:27,没人,2.5845
16:58:27,没人,2.5908
16:58:27,没人,2.5922
16:58:27,没人,2.5865
16:58:27,没人,2.5523
16:58:27,没人,2.5060
16:58:27,没人,2.4716
16:58:27,没人,2.4521
16:58:27,没人,2.4383
16:58:27,没人,2.4219
16:58:27,没人,2.4150
16:58:27,没人,2.4047
16:58:27,没人,2.3797
16:58:27,没人,2.3686
16:58:27,没人,2.3613
16:58:27,没人,2.3539
16:58:27,没人,2.3194
16:58:27,没人,2.2862
16:58:27,没人,2.2515
16:58:27,没人,2.2252
16:58:27,没人,2.2092
16:58:27,没人,2.1918
16:58:27,没人,1.8692
16:58:27,没人,1.8974
16:58:27,没人,1.9206
16:58:27,没人,1.9716
16:58:27,没人,1.9837
16:58:27,没人,2.0056
16:58:27,没人,2.0252
16:58:27,没人,2.0193
16:58:27,没人,2.0351
16:58:27,没人,2.0544
16:58:27,没人,2.0818
16:58:27,没人,2.1264
16:58:28,没人,2.1372
16:58:28,没人,2.1518
16:58:28,没人,2.2349
16:58:28,没人,2.4916
16:58:28,没人,2.5742
16:58:28,没人,2.6134
16:58:28,没人,2.8360
16:58:28,没人,2.8509
16:58:28,没人,2.8617
16:58:28,没人,2.8651
16:58:28,没人,2.8534
16:58:28,没人,2.8938
16:58:28,没人,2.8960
16:58:28,没人,2.8985
16:58:28,没人,2.9027
16:58:28,没人,2.8071
16:58:28,没人,2.8182
16:58:28,没人,2.8401
16:58:28,没人,2.8683
16:58:28,没人,2.8663
16:58:28,没人,2.8646
16:58:28,没人,2.8800
16:58:28,没人,2.8877
16:58:28,没人,2.8999
16:58:28,没人,2.9021
16:58:28,没人,2.8912
16:58:28,没人,2.8921
16:58:28,没人,2.8952
16:58:28,没人,2.8872
16:58:28,没人,2.8655
16:58:28,没人,2.8539
16:58:28,没人,2.8323
16:58:28,没人,2.8037
16:58:28,没人,2.7833
16:58:28,没人,2.7212
16:58:28,没人,2.6893
16:58:28,没人,2.6749
16:58:28,没人,2.6471
16:58:28,没人,2.6247
16:58:28,没人,2.5780
16:58:28,没人,2.5770
16:58:28,没人,2.5911
16:58:28,没人,2.6115
16:58:28,没人,2.6419
16:58:28,没人,2.6610
16:58:28,没人,2.6764
16:58:28,没人,2.6955
16:58:28,没人,2.6928
16:58:28,没人,2.6781
16:58:28,没人,2.6793
16:58:28,没人,2.6717
16:58:28,没人,2.6897
16:58:28,没人,2.7058
16:58:28,没人,2.7238
16:58:28,没人,2.7547
16:58:28,没人,2.7871
16:58:28,没人,2.7967
16:58:28,没人,2.8216
16:58:28,没人,2.8167
16:58:29,没人,2.7819
16:58:29,没人,2.7682
16:58:29,没人,2.7407
16:58:29,没人,2.7207
16:58:29,没人,2.7120
16:58:29,没人,2.6570
16:58:29,没人,2.6401
16:58:29,没人,2.6385
16:58:29,没人,2.6321
16:58:29,没人,2.6389
16:58:29,没人,2.6339
16:58:29,没人,2.6597
16:58:29,没人,2.6798
16:58:29,没人,2.6881
16:58:29,没人,2.6880
16:58:29,没人,2.6964
16:58:29,没人,2.7201
16:58:29,没人,2.7356
16:58:29,没人,2.7557
16:58:29,没人,2.7562
16:58:29,没人,2.7634
16:58:29,没人,2.7688
16:58:29,没人,2.8004
16:58:29,没人,2.8193
16:58:29,没人,2.8609
16:58:29,没人,2.8790
16:58:29,没人,2.9183
16:58:29,没人,2.9394
16:58:29,没人,2.9641
16:58:29,没人,2.9989
16:58:29,没人,3.0276
16:58:29,没人,3.0347
16:58:29,没人,3.0351
16:58:29,没人,3.0694
16:58:29,没人,3.0758
16:58:29,没人,3.1047
16:58:29,没人,3.0810
16:58:29,没人,3.0659
16:58:29,没人,3.0682
16:58:29,没人,3.0407
16:58:29,没人,3.0069
16:58:29,没人,3.0174
16:58:29,没人,3.0193
16:58:29,没人,2.8761
16:58:29,没人,2.6012
16:58:29,没人,2.4990
16:58:29,没人,2.4844
16:58:29,没人,2.2311
16:58:29,没人,2.2382
16:58:29,没人,2.2363
16:58:29,没人,2.2329
16:58:29,没人,2.2321
16:58:29,没人,2.1133
16:58:30,没人,2.1253
16:58:30,没人,2.1219
16:58:30,没人,2.1090
16:58:30,没人,2.0968
16:58:30,没人,2.0210
16:58:30,没人,1.9397
16:58:30,没人,1.8574
16:58:30,没人,1.8477
16:58:30,没人,1.8487
16:58:30,没人,1.8343
16:58:30,没人,1.8278
16:58:30,没人,1.7772
16:58:30,没人,1.7707
16:58:30,没人,1.7603
16:58:30,没人,1.7530
16:58:30,没人,1.7342
16:58:30,没人,1.7098
16:58:30,没人,1.6838
16:58:30,没人,1.6490
16:58:30,没人,1.6187
16:58:30,没人,1.5924
16:58:30,没人,1.5638
16:58:30,没人,1.5493
16:58:30,没人,1.5443
16:58:30,没人,1.5673
16:58:30,没人,1.5697
16:58:30,没人,1.5828
16:58:30,没人,1.6220
16:58:30,没人,1.6062
16:58:30,没人,1.6010
16:58:30,没人,1.6024
16:58:30,没人,1.5750
16:58:30,没人,1.5771
16:58:30,没人,1.5901
16:58:30,没人,1.5842
16:58:30,没人,1.5740
16:58:30,没人,1.5699
16:58:30,没人,1.5737
16:58:30,没人,1.5528
16:58:30,没人,1.5582
16:58:30,没人,1.5604
16:58:30,没人,1.5647
16:58:30,没人,1.5984
16:58:30,没人,1.5837
16:58:30,没人,1.5812
16:58:30,没人,1.5698
16:58:30,没人,1.5475
16:58:30,没人,1.5492
16:58:30,没人,1.5505
16:58:30,没人,1.5543
16:58:31,没人,1.5467
16:58:31,没人,1.5316
16:58:31,没人,1.5173
16:58:31,没人,1.5083
16:58:31,没人,1.5001
16:58:31,没人,1.5015
16:58:31,没人,1.4904
16:58:31,没人,1.4932
16:58:31,没人,1.4447
16:58:31,没人,1.4129
16:58:31,没人,1.4161
16:58:31,没人,1.4216
16:58:31,没人,1.4203
16:58:31,没人,1.4138
16:58:31,没人,1.4031
16:58:31,没人,1.3032
16:58:31,没人,1.3039
16:58:31,没人,1.2998
16:58:31,没人,1.3066
16:58:31,没人,1.3153
16:58:31,没人,1.3193
16:58:31,没人,1.3102
16:58:31,没人,1.3053
16:58:31,没人,1.2894
16:58:31,没人,1.2869
16:58:31,没人,1.2866
16:58:31,没人,1.2795
16:58:31,没人,1.2497
16:58:31,没人,1.2350
16:58:31,没人,1.2142
16:58:31,没人,1.1802
16:58:31,没人,1.1684
16:58:31,没人,1.1251
16:58:31,没人,1.1090
16:58:31,没人,1.0912
16:58:31,没人,1.0621
16:58:31,没人,1.0815
16:58:31,没人,1.0666
16:58:31,没人,1.0254
16:58:31,没人,1.0051
16:58:31,没人,0.9998
16:58:31,没人,0.9870
16:58:31,没人,0.9384
16:58:31,没人,0.9257
16:58:31,没人,0.9217
16:58:31,没人,0.9001
16:58:31,没人,0.8912
16:58:31,没人,0.9038
16:58:31,没人,0.9062
16:58:31,没人,0.8987
16:58:32,没人,0.8760
16:58:32,没人,0.8795
16:58:32,没人,0.8890
16:58:32,没人,0.9214
16:58:32,没人,0.9389
16:58:32,没人,0.9402
16:58:32,没人,0.9613
16:58:32,没人,0.9458
16:58:32,没人,0.9420
16:58:32,没人,0.9530
16:58:32,没人,0.9491
16:58:32,没人,0.9382
16:58:32,没人,0.9370
16:58:32,没人,0.9489
16:58:32,没人,0.9432
16:58:32,没人,0.9537
16:58:32,没人,0.9599
16:58:32,没人,0.9602
16:58:32,没人,0.9644
16:58:32,没人,0.9634
16:58:32,没人,0.9984
16:58:32,没人,1.0513
16:58:32,没人,1.0923
16:58:32,没人,1.2069
16:58:32,没人,1.4703
16:58:32,没人,1.6669
16:58:32,没人,1.6662
16:58:32,没人,1.7523
16:58:32,没人,1.9341
16:58:32,没人,2.0857
16:58:32,没人,2.2091
16:58:32,没人,2.2908
16:58:32,没人,2.3609
16:58:32,没人,2.4711
16:58:32,没人,2.5244
16:58:32,没人,2.5885
16:58:32,没人,2.7142
16:58:32,没人,2.7812
16:58:32,没人,2.8561
16:58:32,没人,2.9581
16:58:32,没人,3.0630
16:58:32,没人,3.1828
16:58:32,没人,3.2646
16:58:32,没人,3.4111
16:58:32,没人,3.5555
16:58:32,没人,3.6928
16:58:32,没人,3.8438
16:58:32,没人,3.9732
16:58:33,没人,4.0943
16:58:33,没人,4.1969
16:58:33,没人,4.2994
16:58:33,没人,4.4206
16:58:33,没人,4.5320
16:58:33,没人,4.6958
16:58:33,没人,4.8227
16:58:33,没人,4.9533
16:58:33,没人,5.1049
16:58:33,没人,5.3038
16:58:33,没人,5.5074
16:58:33,没人,5.6903
16:58:33,没人,5.8822
16:58:33,没人,6.0752
16:58:33,没人,6.2164
16:58:33,没人,6.3038
16:58:33,没人,6.4690
16:58:33,没人,6.5026
16:58:33,没人,6.5089
16:58:33,没人,6.4990
16:58:33,没人,6.4823
16:58:33,没人,6.5044
16:58:33,没人,6.4457
16:58:33,没人,6.4118
16:58:33,没人,6.3870
16:58:33,没人,6.3807
16:58:33,没人,6.4793
16:58:33,没人,6.4677
16:58:33,没人,6.4475
16:58:33,没人,6.4588
16:58:33,没人,6.4622
16:58:33,没人,6.5174
16:58:33,没人,6.5263
16:58:33,没人,6.5022
16:58:33,没人,6.5070
16:58:33,没人,6.5087
16:58:33,没人,6.4922
16:58:33,没人,6.5035
16:58:33,没人,6.4856
16:58:33,没人,6.4773
16:58:33,没人,6.4784
16:58:33,没人,6.5099
16:58:33,没人,6.5234
16:58:33,没人,6.5199
16:58:33,没人,6.4995
16:58:33,没人,6.5028
16:58:33,没人,6.4994
16:58:33,没人,6.4773
16:58:33,没人,6.4813
16:58:33,没人,6.4734
16:58:34,没人,6.4618
16:58:34,没人,6.4646
16:58:34,没人,6.6894
16:58:34,没人,6.6982
16:58:34,没人,6.7163
16:58:34,没人,6.6888
16:58:34,没人,6.6788
16:58:34,没人,6.7300
16:58:34,没人,6.7993
16:58:34,没人,6.8761
16:58:34,没人,6.9303
16:58:34,没人,6.9809
16:58:34,没人,7.0152
16:58:34,没人,7.0531
16:58:34,没人,7.0842
16:58:34,没人,7.1043
16:58:34,没人,7.0991
16:58:34,没人,7.0846
16:58:34,没人,7.0925
16:58:34,没人,7.0874
16:58:34,没人,7.0540
16:58:34,没人,7.0080
16:58:34,没人,6.8322
16:58:34,没人,6.6889
16:58:34,没人,6.5306
16:58:34,没人,6.1932
16:58:34,没人,5.5665
16:58:34,没人,5.2758
16:58:34,没人,5.2541
16:58:34,没人,5.2904
16:58:34,没人,5.2894
16:58:34,没人,5.2965
16:58:34,没人,5.3050
16:58:34,没人,5.3218
16:58:34,没人,5.3526
16:58:34,没人,5.3304
16:58:34,没人,5.3594
16:58:34,没人,5.3710
16:58:34,没人,5.2808
16:58:34,没人,5.2972
16:58:34,没人,5.3045
16:58:34,没人,5.3023
16:58:34,没人,5.3248
16:58:34,没人,5.3232
16:58:34,没人,5.3234
16:58:34,没人,5.3129
16:58:34,没人,5.2973
16:58:34,没人,5.2859
16:58:34,没人,5.2661
16:58:34,没人,5.2559
16:58:34,没人,5.2450
16:58:35,没人,5.2476
16:58:35,没人,5.2282
16:58:35,没人,5.2211
16:58:35,没人,5.2027
16:58:35,没人,5.1486
16:58:35,没人,5.1206
16:58:35,没人,5.0930
16:58:35,没人,5.0268
16:58:35,没人,4.9272
16:58:35,没人,4.8481
16:58:35,没人,4.7563
16:58:35,没人,4.6313
16:58:35,没人,4.5166
16:58:35,没人,4.4439
16:58:35,没人,4.3870
16:58:35,没人,4.2505
16:58:35,没人,4.2146
16:58:35,没人,4.1929
16:58:35,没人,4.1689
16:58:35,没人,4.1500
16:58:35,没人,4.0376
16:58:35,没人,4.0090
16:58:35,没人,3.9636
16:58:35,没人,3.9018
16:58:35,没人,3.8009
16:58:35,没人,3.6262
16:58:35,没人,3.5246
16:58:35,没人,3.4499
16:58:35,没人,3.3552
16:58:35,没人,3.2587
16:58:35,没人,3.1178
17:07:25,没人,0.3397
17:07:25,没人,0.3342
17:07:25,没人,0.3324
17:07:25,没人,0.3268
17:07:25,没人,0.3272
17:07:25,没人,0.3251
17:07:25,没人,0.3189
17:07:25,没人,0.3182
17:07:25,没人,0.3219
17:07:25,没人,0.3198
17:07:25,没人,0.3201
17:07:25,没人,0.3255
17:07:25,没人,0.3241
17:07:25,没人,0.3234
17:07:25,没人,0.3215
17:07:25,没人,0.3200
17:07:25,没人,0.3180
17:07:25,没人,0.3180
17:07:25,没人,0.3181
17:07:25,没人,0.3254
17:07:25,没人,0.3278
17:07:25,没人,0.3181
17:07:25,没人,0.3195
17:07:25,没人,0.3223
17:07:25,没人,0.3231
17:07:25,没人,0.3251
17:07:25,没人,0.3250
17:07:25,没人,0.3261
17:07:25,没人,0.3247
17:07:25,没人,0.3210
17:07:25,没人,0.3216
17:07:25,没人,0.3163
17:07:25,没人,0.3189
17:07:25,没人,0.3169
17:07:25,没人,0.3158
17:07:25,没人,0.3137
17:07:25,没人,0.3103
17:07:25,没人,0.3076
17:07:25,没人,0.3107
17:07:25,没人,0.3071
17:07:25,没人,0.3137
17:07:25,没人,0.3102
17:07:25,没人,0.3141
17:07:25,没人,0.3141
17:07:25,没人,0.3204
17:07:25,没人,0.3236
17:07:25,没人,0.3295
17:07:25,没人,0.3291
17:07:26,没人,0.3350
17:07:26,没人,0.3310
17:07:26,没人,0.3326
17:07:26,没人,0.3311
17:07:26,没人,0.3288
17:07:26,没人,0.3299
17:07:26,没人,0.3302
17:07:26,没人,0.3281
17:07:26,没人,0.3271
17:07:26,没人,0.3293
17:07:26,没人,0.3317
17:07:26,没人,0.3344
17:07:26,没人,0.3357
17:07:26,没人,0.3346
17:07:26,没人,0.3323
17:07:26,没人,0.3316
17:07:26,没人,0.3307
17:07:26,没人,0.3300
17:07:26,没人,0.3309
17:07:26,没人,0.3356
17:07:26,没人,0.3320
17:07:26,没人,0.3327
17:07:26,没人,0.3305
17:07:26,没人,0.3268
17:07:26,没人,0.3269
17:07:26,没人,0.3293
17:07:26,没人,0.3279
17:07:26,没人,0.3312
17:07:26,没人,0.3328
17:07:26,没人,0.3371
17:07:26,没人,0.3381
17:07:26,没人,0.3324
17:07:26,没人,0.3283
17:07:26,没人,0.4150
17:07:26,没人,0.4189
17:07:26,没人,0.4144
17:07:26,没人,0.4313
17:07:26,没人,0.4589
17:07:26,没人,0.4925
17:07:26,没人,0.4950
17:07:26,没人,0.4989
17:07:26,没人,0.4995
17:07:26,没人,0.4996
17:07:26,没人,0.5013
17:07:26,没人,0.5000
17:07:26,没人,0.5055
17:07:26,没人,0.7182
17:07:26,没人,0.7362
17:07:26,没人,0.7373
17:07:26,没人,0.7373
17:07:26,没人,0.7426
17:07:26,没人,0.7410
17:07:26,没人,0.7367
17:07:26,没人,0.7401
17:07:26,没人,0.7415
17:07:26,没人,0.7580
17:07:26,没人,0.7587
17:07:27,没人,0.7626
17:07:27,没人,0.7667
17:07:27,没人,0.7732
17:07:27,没人,0.7696
17:07:27,没人,0.7698
17:07:27,没人,0.7707
17:07:27,没人,0.7640
17:07:27,没人,0.7663
17:07:27,没人,0.7676
17:07:27,没人,0.7689
17:07:27,没人,0.7727
17:07:27,没人,0.7724
17:07:27,没人,0.7717
17:07:27,没人,0.7723
17:07:27,没人,0.7605
17:07:27,没人,0.7601
17:07:27,没人,0.7599
17:07:27,没人,0.7611
17:07:27,没人,0.7643
17:07:27,没人,0.7634
17:07:27,没人,0.7789
17:07:27,没人,0.7951
17:07:27,没人,0.7939
17:07:27,没人,0.7931
17:07:27,没人,0.7949
17:07:27,没人,0.7944
17:07:27,没人,0.8108
17:07:27,没人,0.8120
17:07:27,没人,0.8126
17:07:27,没人,0.8189
17:07:27,没人,0.8192
17:07:27,没人,0.8224
17:07:27,没人,0.8239
17:07:27,没人,0.8203
17:07:27,没人,0.8242
17:07:27,没人,0.8209
17:07:27,没人,0.8180
17:07:27,没人,0.8167
17:07:27,没人,0.8162
17:07:27,没人,0.8168
17:07:27,没人,0.8154
17:07:27,没人,0.8136
17:07:27,没人,0.8129
17:07:27,没人,0.8087
17:07:27,没人,0.8169
17:07:27,没人,0.8191
17:07:27,没人,0.8188
17:07:27,没人,0.8364
17:07:27,没人,0.8293
17:07:27,没人,0.8285
17:07:27,没人,0.8355
17:07:27,没人,0.8351
17:07:27,没人,0.8370
17:07:27,没人,0.8499
17:07:27,没人,0.8458
17:07:28,没人,0.8454
17:07:28,没人,0.8463
17:07:28,没人,0.8463
17:07:28,没人,0.8509
17:07:28,没人,0.8511
17:07:28,没人,0.8522
17:07:28,没人,0.8569
17:07:28,没人,0.8549
17:07:28,没人,0.8563
17:07:28,没人,0.8565
17:07:28,没人,0.8565
17:07:28,没人,0.8610
17:07:28,没人,0.8641
17:07:28,没人,0.8642
17:07:28,没人,0.8665
17:07:28,没人,0.8650
17:07:28,没人,0.8651
17:07:28,没人,0.8603
17:07:28,没人,0.8653
17:07:28,没人,0.8644
17:07:28,没人,0.8667
17:07:28,没人,0.7802
17:07:28,没人,0.7776
17:07:28,没人,0.7813
17:07:28,没人,0.7735
17:07:28,没人,0.7487
17:07:28,没人,0.7202
17:07:28,没人,0.7177
17:07:28,没人,0.7152
17:07:28,没人,0.7204
17:07:28,没人,0.7187
17:07:28,没人,0.7181
17:07:28,没人,0.7212
17:07:28,没人,0.7197
17:07:28,没人,0.5087
17:07:28,没人,0.4889
17:07:28,没人,0.4882
17:07:28,没人,0.4877
17:07:28,没人,0.4840
17:07:28,没人,0.4850
17:07:28,没人,0.4858
17:07:28,没人,0.4822
17:07:28,没人,0.4819
17:07:28,没人,0.4697
17:07:28,没人,0.4670
17:07:28,没人,0.4912
17:07:28,没人,0.5036
17:07:28,没人,0.7127
17:07:28,没人,0.7138
17:07:28,没人,1.0920
17:07:28,没人,1.0890
17:07:28,没人,1.0890
17:07:28,没人,1.0863
17:07:28,没人,1.0915
17:07:28,没人,1.1128
17:07:29,没人,1.1071
17:07:29,没人,1.1106
17:07:29,没人,1.1139
17:07:29,没人,1.1140
17:07:29,没人,1.1162
17:07:29,没人,1.1168
17:07:29,没人,1.1158
17:07:29,没人,1.1158
17:07:29,没人,1.1098
17:07:29,没人,1.1109
17:07:29,没人,1.0971
17:07:29,没人,1.0829
17:07:29,没人,1.0840
17:07:29,没人,1.0866
17:07:29,没人,1.0876
17:07:29,没人,1.0870
17:07:29,没人,1.0706
17:07:29,没人,1.0662
17:07:29,没人,1.0670
17:07:29,没人,1.0614
17:07:29,没人,1.0616
17:07:29,没人,1.0586
17:07:29,没人,1.0536
17:07:29,没人,1.0528
17:07:29,没人,1.0454
17:07:29,没人,1.0468
17:07:29,没人,1.0540
17:07:29,没人,1.0526
17:07:29,没人,1.0549
17:07:29,没人,1.0479
17:07:29,没人,1.0474
17:07:29,没人,1.0438
17:07:29,没人,1.0453
17:07:29,没人,1.0494
17:07:29,没人,1.0426
17:07:29,没人,1.0385
17:07:29,没人,1.0427
17:07:29,没人,1.0266
17:07:29,没人,1.0266
17:07:29,没人,1.0271
17:07:29,没人,1.0234
17:07:29,没人,1.0283
17:07:29,没人,1.0235
17:07:29,没人,1.0091
17:07:29,没人,1.0074
17:07:29,没人,1.0295
17:07:29,没人,1.0506
17:07:29,没人,1.0527
17:07:29,没人,1.0477
17:07:29,没人,1.0464
17:07:29,没人,1.0486
17:07:29,没人,1.0609
17:07:29,没人,1.0724
17:07:29,没人,1.0718
17:07:30,没人,1.0691
17:07:30,没人,1.0717
17:07:30,没人,1.0704
17:07:30,没人,1.0687
17:07:30,没人,1.0677
17:07:30,没人,1.0663
17:07:30,没人,1.0679
17:07:30,没人,1.0667
17:07:30,没人,1.0683
17:07:30,没人,1.0640
17:07:30,没人,1.0645
17:07:30,没人,1.0638
17:07:30,没人,1.0624
17:07:30,没人,1.0626
17:07:30,没人,1.0614
17:07:30,没人,1.0527
17:07:30,没人,1.0539
17:07:30,没人,1.0513
17:07:30,没人,1.0523
17:07:30,没人,1.0524
17:07:30,没人,1.0465
17:07:30,没人,1.0475
17:07:30,没人,1.0464
17:07:30,没人,1.0482
17:07:30,没人,1.0465
17:07:30,没人,1.0442
17:07:30,没人,1.0433
17:07:30,没人,1.0442
17:07:30,没人,1.0431
17:07:30,没人,1.0450
17:07:30,没人,1.0435
17:07:30,没人,1.0437
17:07:30,没人,1.0438
17:07:30,没人,1.0456
17:07:30,没人,1.0420
17:07:30,没人,1.0421
17:07:30,没人,1.0133
17:07:30,没人,0.9953
17:07:30,没人,0.7993
17:07:30,没人,0.8143
17:07:30,没人,0.4367
17:07:30,没人,0.4364
17:07:30,没人,0.4327
17:07:30,没人,0.4322
17:07:30,没人,0.4555
17:07:30,没人,0.4315
17:07:30,没人,0.4300
17:07:30,没人,0.4264
17:07:30,没人,0.4425
17:07:30,没人,0.4587
17:07:30,没人,0.4615
17:07:30,没人,0.4616
17:07:30,没人,0.4628
17:07:30,没人,0.4614
17:07:30,没人,0.4840
17:07:30,没人,0.5108
17:07:30,没人,0.5135
17:07:31,没人,0.5134
17:07:31,没人,0.5121
17:07:31,没人,0.5097
17:07:31,没人,0.5071
17:07:31,没人,0.5073
17:07:31,没人,0.5069
17:07:31,没人,0.5105
17:07:31,没人,0.5137
17:07:31,没人,0.5136
17:07:31,没人,0.5149
17:07:31,没人,0.5128
17:07:31,没人,0.5130
17:07:31,没人,0.5154
17:07:31,没人,0.5158
17:07:31,没人,0.5143
17:07:31,没人,0.5092
17:07:31,没人,0.5173
17:07:31,没人,0.5150
17:07:31,没人,0.5143
17:07:31,没人,0.5161
17:07:31,没人,0.5168
17:07:31,没人,0.5178
17:07:31,没人,0.5151
17:07:31,没人,0.5162
17:07:31,没人,0.5135
17:07:31,没人,0.5087
17:07:31,没人,0.5071
17:07:31,没人,0.5083
17:07:31,没人,0.5075
17:07:31,没人,0.5032
17:07:31,没人,0.4978
17:07:31,没人,0.4962
17:07:31,没人,0.4941
17:07:31,没人,0.4952
17:07:31,没人,0.4752
17:07:31,没人,0.4556
17:07:31,没人,0.4542
17:07:31,没人,0.4542
17:07:31,没人,0.4569
17:07:31,没人,0.4541
17:07:31,没人,0.4350
17:07:31,没人,0.4189
17:07:31,没人,0.4200
17:07:31,没人,0.4197
17:07:31,没人,0.4175
17:07:31,没人,0.4384
17:07:31,没人,0.4549
17:07:31,没人,0.4547
17:07:31,没人,0.4593
17:07:31,没人,0.4579
17:07:31,没人,0.4774
17:07:31,没人,0.4909
17:07:31,没人,0.4892
17:07:32,没人,0.4880
17:07:32,没人,0.4914
17:07:32,没人,0.4943
17:07:32,没人,0.4953
17:07:32,没人,0.4942
17:07:32,没人,0.4964
17:07:32,没人,0.4950
17:07:32,没人,0.4947
17:07:32,没人,0.4945
17:07:32,没人,0.4914
17:07:32,没人,0.4915
17:07:32,没人,0.4939
17:07:32,没人,0.4932
17:07:32,没人,0.4900
17:07:32,没人,0.4913
17:07:32,没人,0.4976
17:07:32,没人,0.4998
17:07:32,没人,0.5037
17:07:32,没人,0.5101
17:07:32,没人,0.5065
17:07:32,没人,0.5082
17:07:32,没人,0.5080
17:07:32,没人,0.5097
17:07:32,没人,0.5047
17:07:32,没人,0.5049
17:07:32,没人,0.5045
17:07:32,没人,0.5072
17:07:32,没人,0.5079
17:07:32,没人,0.4920
17:07:32,没人,0.4777
17:07:32,没人,0.4789
17:07:32,没人,0.4797
17:07:32,没人,0.4795
17:07:32,没人,0.4806
17:07:32,没人,0.4518
17:07:32,没人,0.4527
17:07:32,没人,0.4531
17:07:32,没人,0.4545
17:07:32,没人,0.4473
17:07:32,没人,0.4308
17:07:32,没人,0.4284
17:07:32,没人,0.4278
17:07:32,没人,0.4260
17:07:32,没人,0.4272
17:07:32,没人,0.4061
17:07:32,没人,0.3746
17:07:32,没人,0.3731
17:07:32,没人,0.3752
17:07:32,没人,0.3758
17:07:33,没人,0.3777
17:07:33,没人,0.3772
17:07:33,没人,0.3782
17:07:33,没人,0.3852
17:07:33,没人,0.3840
17:07:33,没人,0.3783
17:07:33,没人,0.3823
17:07:33,没人,0.3835
17:07:33,没人,0.3862
17:07:33,没人,0.3878
17:07:33,没人,0.3845
17:07:33,没人,0.3875
17:07:33,没人,0.3856
17:07:33,没人,0.3889
17:07:33,没人,0.3790
17:07:33,没人,0.3791
17:07:33,没人,0.3788
17:07:33,没人,0.3778
17:07:33,没人,0.3781
17:07:33,没人,0.3763
17:07:33,没人,0.3796
17:07:33,没人,0.3829
17:07:33,没人,0.3837
17:07:33,没人,0.3863
17:07:33,没人,0.3877
17:07:33,没人,0.3867
17:07:33,没人,0.3869
17:07:33,没人,0.3895
17:07:33,没人,0.3919
17:07:33,没人,0.3965
17:07:33,没人,0.3951
17:07:33,没人,0.3959
17:07:33,没人,0.3963
17:07:33,没人,0.3962
17:07:33,没人,0.3963
17:07:33,没人,0.3966
17:07:33,没人,0.3942
17:07:33,没人,0.3920
17:07:33,没人,0.3954
17:07:33,没人,0.3968
17:07:33,没人,0.3972
17:07:33,没人,0.3988
17:07:33,没人,0.4004
17:07:33,没人,0.3732
17:07:33,没人,0.3779
17:07:33,没人,0.4052
17:07:33,没人,0.4045
17:07:33,没人,0.4376
17:07:33,没人,0.4170
17:07:33,没人,0.4036
17:07:33,没人,0.4103
17:07:33,没人,0.4113
17:07:33,没人,0.4305
17:07:33,没人,0.4312
17:07:34,没人,0.4330
17:07:34,没人,0.4390
17:07:34,没人,0.4430
17:07:34,没人,0.4506
17:07:34,没人,0.4612
17:07:34,没人,0.4709
17:07:34,没人,0.4871
17:07:34,没人,0.5064
17:07:34,没人,0.5277
17:07:34,没人,0.5585
17:07:34,没人,0.5893
17:07:34,没人,0.6192
17:07:34,没人,0.6390
17:07:34,没人,0.6592
17:07:34,没人,0.6763
17:07:34,没人,0.6874
17:07:34,没人,0.6950
17:07:34,没人,0.6976
17:07:34,没人,0.7028
17:07:34,没人,0.7096
17:07:34,没人,0.7178
17:07:34,没人,0.7325
17:07:34,没人,0.7555
17:07:34,没人,0.7795
17:07:34,没人,0.8098
17:07:34,没人,0.8380
17:07:34,没人,0.8689
17:07:34,没人,0.8946
17:07:34,没人,0.9178
17:07:34,没人,0.9423
17:07:34,没人,0.9564
17:07:34,没人,0.9681
17:07:34,没人,0.9881
17:07:34,没人,1.0058
17:07:34,没人,1.0290
17:07:34,没人,1.0515
17:07:34,没人,1.0943
17:07:34,没人,1.1355
17:07:34,没人,1.1744
17:07:34,没人,1.1994
17:07:34,没人,1.2202
17:07:34,没人,1.2327
17:07:34,没人,1.2431
17:07:34,没人,1.2522
17:07:34,没人,1.2654
17:07:34,没人,1.2897
17:07:34,没人,1.3177
17:07:34,没人,1.3485
17:07:34,没人,1.3864
17:07:34,没人,1.4214
17:07:35,没人,1.4580
17:07:35,没人,1.4832
17:07:35,没人,1.5113
17:07:35,没人,1.5331
17:07:35,没人,1.5700
17:07:35,没人,1.6130
17:07:35,没人,1.6316
17:07:35,没人,1.6616
17:07:35,没人,1.6861
17:07:35,没人,1.7106
17:07:35,没人,1.7549
17:07:35,没人,1.7881
17:07:35,没人,1.8102
17:07:35,没人,1.8138
17:07:35,没人,1.8161
17:07:35,没人,1.8292
17:07:35,没人,1.8403
17:07:35,没人,1.8629
17:07:35,没人,1.9345
17:07:35,没人,1.9984
17:07:35,没人,2.0821
17:07:35,没人,2.1645
17:07:35,没人,2.2323
17:07:35,没人,2.3325
17:07:35,没人,2.4264
17:07:35,没人,2.5012
17:07:35,没人,2.5610
17:07:35,没人,2.6343
17:07:35,没人,2.7021
17:07:35,没人,2.7497
17:07:35,没人,2.7894
17:07:35,没人,2.8548
17:07:35,没人,2.9067
17:07:35,没人,2.9661
17:07:35,没人,3.0072
17:07:35,没人,3.0128
17:07:35,没人,3.0236
17:07:35,没人,3.0309
17:07:35,没人,3.0217
17:07:35,没人,3.0417
17:07:35,没人,3.0743
17:07:35,没人,3.0837
17:07:35,没人,3.0586
17:07:35,没人,3.0533
17:07:35,没人,3.0313
17:07:35,没人,2.9758
17:07:35,没人,2.9145
17:07:35,没人,2.8491
17:07:35,没人,2.8339
17:07:35,没人,2.7673
17:07:36,没人,2.7190
17:07:36,没人,2.6798
17:07:36,没人,2.6533
17:07:36,没人,2.6404
17:07:36,没人,2.6191
17:07:36,没人,2.6083
17:07:36,没人,2.6179
17:07:36,没人,2.6204
17:07:36,没人,2.6365
17:07:36,没人,2.6361
17:07:36,没人,2.6291
17:07:36,没人,2.6149
17:07:36,没人,2.6410
17:07:36,没人,2.6373
17:07:36,没人,2.6108
17:07:36,没人,2.5807
17:07:36,没人,2.5341
17:07:36,没人,2.4682
17:07:36,没人,2.3904
17:07:36,没人,2.3234
17:07:36,没人,2.2661
17:07:36,没人,2.2315
17:07:36,没人,2.1963
17:07:36,没人,2.1714
17:07:36,没人,2.1424
17:07:36,没人,2.1000
17:07:36,没人,2.0612
17:07:36,没人,2.0301
17:07:36,没人,1.9911
17:07:36,没人,1.9599
17:07:36,没人,1.9137
17:07:36,没人,1.8682
17:07:36,没人,1.8366
17:07:36,没人,1.8052
17:07:36,没人,1.8016
17:07:36,没人,1.7860
17:07:36,没人,1.7652
17:07:36,没人,1.7471
17:07:36,没人,1.7365
17:07:36,没人,1.7114
17:07:36,没人,1.6692
17:07:36,没人,1.6120
17:07:36,没人,1.5806
17:07:36,没人,1.5631
17:07:36,没人,1.5476
17:07:36,没人,1.5357
17:07:36,没人,1.5219
17:07:36,没人,1.5382
17:07:36,没人,1.5388
17:07:36,没人,1.5162
17:07:37,没人,1.5136
17:07:37,没人,1.5264
17:07:37,没人,1.5163
17:07:37,没人,1.5373
17:07:37,没人,1.5685
17:07:37,没人,1.6062
17:07:37,没人,1.6174
17:07:37,没人,1.6391
17:07:37,没人,1.6741
17:07:37,没人,1.7199
17:07:37,没人,1.7742
17:07:37,没人,1.8366
17:07:37,没人,1.8892
17:07:37,没人,1.9308
17:07:37,没人,1.9724
17:07:37,没人,2.0311
17:07:37,没人,2.1008
17:07:37,没人,2.1682
17:07:37,没人,2.2214
17:07:37,没人,2.2735
17:07:37,没人,2.3453
17:07:37,没人,2.3874
17:07:37,没人,2.4317
17:07:37,没人,2.4572
17:07:37,没人,2.4784
17:07:37,没人,2.5090
17:07:37,没人,2.5500
17:07:37,没人,2.5789
17:07:37,没人,2.6197
17:07:37,没人,2.6537
17:07:37,没人,2.6794
17:07:37,没人,2.6790
17:07:37,没人,3.0930
17:07:37,没人,3.0759
17:07:37,没人,3.0629
17:07:37,没人,3.0621
17:07:37,没人,3.0449
17:07:37,没人,3.0197
17:07:37,没人,2.9870
17:07:37,没人,2.9304
17:07:37,没人,2.9083
17:07:37,没人,2.9177
17:07:37,没人,2.9260
17:07:37,没人,2.9543
17:07:37,没人,2.9927
17:07:37,没人,3.0398
17:07:37,没人,3.0473
17:07:37,没人,3.0450
17:07:37,没人,3.0280
17:07:37,没人,3.0059
17:07:38,没人,2.9799
17:07:38,没人,2.9504
17:07:38,没人,2.9003
17:07:38,没人,2.8470
17:07:38,没人,2.8173
17:07:38,没人,2.7785
17:07:38,没人,2.7163
17:07:38,没人,2.6511
17:07:38,没人,2.5798
17:07:38,没人,2.5135
17:07:38,没人,2.4586
17:07:38,没人,2.4355
17:07:38,没人,2.3469
17:07:38,没人,2.2813
17:07:38,没人,2.2303
17:07:38,没人,2.1643
17:07:38,没人,2.1114
17:07:38,没人,2.0777
17:07:38,没人,2.0633
17:07:38,没人,2.0261
17:07:38,没人,2.0079
17:07:38,没人,1.9834
17:07:38,没人,1.9958
17:07:38,没人,1.9908
17:07:38,没人,1.9719
17:07:38,没人,1.9741
17:07:38,没人,1.9634
17:07:38,没人,1.9553
17:07:38,没人,1.9527
17:07:38,没人,1.9518
17:07:38,没人,1.9570
17:07:38,没人,1.9490
17:07:38,没人,1.9479
17:07:38,没人,1.9470
17:07:38,没人,1.9378
17:07:38,没人,1.9388
17:07:38,没人,1.9339
17:07:38,没人,1.9325
17:07:38,没人,1.9311
17:07:38,没人,1.9313
17:07:38,没人,1.9301
17:07:38,没人,1.9368
17:07:38,没人,1.9274
17:07:38,没人,1.9235
17:07:38,没人,1.9309
17:07:38,没人,1.9353
17:07:38,没人,1.9378
17:07:38,没人,1.9359
17:07:38,没人,1.9382
17:07:38,没人,1.9380
17:07:39,没人,1.9327
17:07:39,没人,1.9286
17:07:39,没人,1.9281
17:07:39,没人,1.9182
17:07:39,没人,1.9068
17:07:39,没人,1.9030
17:07:39,没人,1.9026
17:07:39,没人,1.9037
17:07:39,没人,1.9040
17:07:39,没人,1.8964
17:07:39,没人,1.8905
17:07:39,没人,1.8811
17:07:39,没人,1.8679
17:07:39,没人,1.8578
17:07:39,没人,1.8475
17:07:39,没人,1.8302
17:07:39,没人,1.8036
17:07:39,没人,1.7805
17:07:39,没人,1.7645
17:07:39,没人,1.7474
17:07:39,没人,1.7086
17:07:39,没人,1.6927
17:07:39,没人,1.6726
17:07:39,没人,1.6502
17:07:39,没人,1.6307
17:07:39,没人,1.6045
17:07:39,没人,1.5744
17:07:39,没人,1.5474
17:07:39,没人,1.5030
17:07:39,没人,1.4698
17:07:39,没人,1.4469
17:07:39,没人,1.4161
17:07:39,没人,0.9993
17:07:39,没人,0.9887
17:07:39,没人,0.9709
17:07:39,没人,0.9540
17:07:39,没人,0.9517
17:14:49,有人,6.6492
17:14:49,有人,6.5696
17:14:49,有人,6.4742
17:14:49,有人,6.3961
17:14:49,有人,6.3195
17:14:49,有人,6.2204
17:14:49,有人,6.0743
17:14:49,有人,5.9874
17:14:49,有人,5.9813
17:14:49,有人,6.3627
17:14:49,有人,7.2212
17:14:49,有人,7.3864
17:14:49,有人,7.3244
17:14:49,有人,7.2259
17:14:49,有人,7.1242
17:14:49,有人,7.0226
17:14:49,有人,6.8561
17:14:49,有人,6.7404
17:14:49,有人,6.6196
17:14:49,有人,6.5078
17:14:49,有人,6.4087
17:14:49,有人,6.3453
17:14:49,有人,6.2973
17:14:49,有人,6.2668
17:14:49,有人,6.2043
17:14:49,有人,6.1492
17:14:49,有人,6.0616
17:14:49,有人,6.0527
17:14:49,有人,6.0323
17:14:49,有人,5.9048
17:14:49,有人,5.7310
17:14:49,有人,5.5309
17:14:49,有人,5.3429
17:14:49,有人,5.1478
17:14:49,有人,5.0215
17:14:49,有人,4.9013
17:14:49,有人,4.8090
17:14:49,有人,4.8188
17:14:49,有人,4.8451
17:14:49,有人,4.8251
17:14:49,有人,4.8073
17:14:49,有人,4.7956
17:14:49,有人,4.8286
17:14:49,有人,4.8711
17:14:49,有人,4.8825
17:14:49,有人,4.8948
17:14:49,有人,4.9208
17:14:50,有人,4.9315
17:14:50,有人,4.9437
17:14:50,有人,4.9457
17:14:50,有人,4.9577
17:14:50,有人,5.0005
17:14:50,有人,5.0610
17:14:50,有人,5.1053
17:14:50,有人,5.1263
17:14:50,有人,5.1715
17:14:50,有人,5.2214
17:14:50,有人,5.2990
17:14:50,有人,5.4363
17:14:50,有人,5.5918
17:14:50,有人,5.6742
17:14:50,有人,5.7621
17:14:50,有人,5.8168
17:14:50,有人,5.8595
17:14:50,有人,5.9725
17:14:50,有人,6.2333
17:14:50,有人,6.2213
17:14:50,有人,6.4295
17:14:50,有人,6.5621
17:14:50,有人,6.7207
17:14:50,有人,6.8716
17:14:50,有人,6.8283
17:14:50,有人,6.9604
17:14:50,有人,6.8938
17:14:50,有人,6.8077
17:14:50,有人,6.7314
17:14:50,有人,6.6580
17:14:50,有人,6.5751
17:14:50,有人,6.6128
17:14:50,有人,6.7018
17:14:50,有人,6.7563
17:14:50,有人,6.6949
17:14:50,有人,6.6322
17:14:50,有人,6.5760
17:14:50,有人,6.5723
17:14:50,有人,6.5999
17:14:50,有人,6.6207
17:14:50,有人,6.6221
17:14:50,有人,6.6082
17:14:50,有人,6.6121
17:14:50,有人,6.6231
17:14:50,有人,6.6133
17:14:50,有人,6.5862
17:14:50,有人,6.5600
17:14:50,有人,6.5162
17:14:50,有人,6.4686
17:14:50,有人,6.4079
17:14:50,有人,6.3565
17:14:50,有人,6.3019
17:14:50,有人,6.2238
17:14:50,有人,6.0737
17:14:50,有人,5.9568
17:14:50,有人,5.8019
17:14:50,有人,5.6439
17:14:51,有人,5.4886
17:14:51,有人,5.3637
17:14:51,有人,5.2687
17:14:51,有人,5.2176
17:14:51,有人,5.2215
17:14:51,有人,5.0781
17:14:51,有人,4.5917
17:14:51,有人,4.4769
17:14:51,有人,4.2872
17:14:51,有人,4.0722
17:14:51,有人,3.8977
17:14:51,有人,3.8514
17:14:51,有人,3.7632
17:14:51,有人,3.7260
17:14:51,有人,3.6958
17:14:51,有人,3.6776
17:14:51,有人,3.6880
17:14:51,有人,3.7455
17:14:51,有人,3.8757
17:14:51,有人,4.0151
17:14:51,有人,4.2271
17:14:51,有人,4.4367
17:14:51,有人,4.6205
17:14:51,有人,4.6216
17:14:51,有人,4.6139
17:14:51,有人,4.6903
17:14:51,有人,4.7090
17:14:51,有人,4.7333
17:14:51,有人,4.7773
17:14:51,有人,4.8175
17:14:51,有人,4.8780
17:14:51,有人,4.9185
17:14:51,有人,4.9366
17:14:51,有人,4.9289
17:14:51,有人,4.9371
17:14:51,有人,4.9671
17:14:51,有人,4.9633
17:14:51,有人,4.9621
17:14:51,有人,4.9760
17:14:51,有人,4.9682
17:14:51,有人,4.9617
17:14:51,有人,4.9777
17:14:51,有人,4.9800
17:14:51,有人,4.9934
17:14:51,有人,4.9959
17:14:51,有人,5.0121
17:14:51,有人,5.0157
17:14:51,有人,5.0154
17:14:51,有人,5.0089
17:14:51,有人,5.0490
17:14:51,有人,5.1791
17:14:51,有人,5.2341
17:14:52,有人,5.3509
17:14:52,有人,5.3896
17:14:52,有人,5.3839
17:14:52,有人,5.3487
17:14:52,有人,5.3671
17:14:52,有人,5.3539
17:14:52,有人,5.3182
17:14:52,有人,5.3117
17:14:52,有人,5.2688
17:14:52,有人,5.1065
17:14:52,有人,5.0985
17:14:52,有人,4.9681
17:14:52,有人,4.8480
17:14:52,有人,4.7081
17:14:52,有人,4.5680
17:14:52,有人,4.5441
17:14:52,有人,4.4096
17:14:52,有人,4.3974
17:14:52,有人,4.4043
17:14:52,有人,4.4203
17:14:52,有人,4.4132
17:14:52,有人,4.4279
17:14:52,有人,4.3046
17:14:52,有人,4.1565
17:14:52,有人,4.0591
17:14:52,有人,4.0626
17:14:52,有人,4.0527
17:14:52,有人,4.0498
17:14:52,有人,4.0072
17:14:52,有人,3.9589
17:14:52,有人,3.9075
17:14:52,有人,3.8804
17:14:52,有人,3.8615
17:14:52,有人,3.8357
17:14:52,有人,3.8118
17:14:52,有人,3.7779
17:14:52,有人,3.7599
17:14:52,有人,3.8103
17:14:52,有人,3.8815
17:14:52,有人,3.9446
17:14:52,有人,3.9767
17:14:52,有人,3.9912
17:14:52,有人,4.0050
17:14:52,有人,4.0024
17:14:52,有人,3.9963
17:14:52,有人,3.9812
17:14:52,有人,3.9724
17:14:52,有人,3.9600
17:14:52,有人,3.9366
17:14:52,有人,3.9153
17:14:53,有人,3.9085
17:14:53,有人,3.9122
17:14:53,有人,3.9118
17:14:53,有人,3.9168
17:14:53,有人,3.9141
17:14:53,有人,3.9194
17:14:53,有人,3.9211
17:14:53,有人,3.9172
17:14:53,有人,3.9027
17:14:53,有人,3.8157
17:14:53,有人,3.7842
17:14:53,有人,3.7520
17:14:53,有人,3.7521
17:14:53,有人,3.7513
17:14:53,有人,3.7269
17:14:53,有人,3.6448
17:14:53,有人,3.4657
17:14:53,有人,3.2563
17:14:53,有人,2.9514
17:14:53,有人,2.6605
17:14:53,有人,2.3754
17:14:53,有人,2.3557
17:14:53,有人,2.3381
17:14:53,有人,2.1991
17:14:53,有人,2.1565
17:14:53,有人,2.1037
17:14:53,有人,2.0187
17:14:53,有人,2.0106
17:14:53,有人,1.9011
17:14:53,有人,1.7987
17:14:53,有人,1.7765
17:14:53,有人,1.7937
17:14:53,有人,1.7957
17:14:53,有人,1.7611
17:14:53,有人,1.7604
17:14:53,有人,1.7671
17:14:53,有人,1.7644
17:14:53,有人,1.7660
17:14:53,有人,1.7507
17:14:53,有人,1.7567
17:14:53,有人,1.7682
17:14:53,有人,1.7758
17:14:53,有人,1.7897
17:14:53,有人,1.7960
17:14:53,有人,1.8034
17:14:53,有人,1.8162
17:14:53,有人,1.8351
17:14:53,有人,1.8288
17:14:53,有人,1.7607
17:14:53,有人,1.7424
17:14:53,有人,1.6807
17:14:54,有人,1.6613
17:14:54,有人,1.6371
17:14:54,有人,1.6164
17:14:54,有人,1.6060
17:14:54,有人,1.6020
17:14:54,有人,1.6080
17:14:54,有人,1.6272
17:14:54,有人,1.6378
17:14:54,有人,1.6511
17:14:54,有人,1.6584
17:14:54,有人,1.6692
17:14:54,有人,1.6809
17:14:54,有人,1.6877
17:14:54,有人,1.7215
17:14:54,有人,1.7348
17:14:54,有人,1.7336
17:14:54,有人,1.7519
17:14:54,有人,1.7287
17:14:54,有人,1.7137
17:14:54,有人,1.6970
17:14:54,有人,1.6672
17:14:54,有人,1.6566
17:14:54,有人,1.6606
17:14:54,有人,1.6517
17:14:54,有人,1.6430
17:14:54,有人,1.6352
17:14:54,有人,1.6517
17:14:54,有人,1.6537
17:14:54,有人,1.6264
17:14:54,有人,1.6117
17:14:54,有人,1.6006
17:14:54,有人,1.6007
17:14:54,有人,1.5959
17:14:54,有人,1.5705
17:14:54,有人,1.5676
17:14:54,有人,1.5638
17:14:54,有人,1.5064
17:14:54,有人,1.4245
17:14:54,有人,1.3426
17:14:54,有人,1.2874
17:14:54,有人,1.2448
17:14:54,有人,1.2121
17:14:54,有人,1.2250
17:14:54,有人,1.2604
17:14:54,有人,1.2959
17:14:54,有人,1.3481
17:14:54,有人,1.3946
17:14:54,有人,1.4430
17:14:54,有人,1.4780
17:14:54,有人,1.5097
17:14:55,有人,1.5220
17:14:55,有人,1.5389
17:14:55,有人,1.5611
17:14:55,有人,1.5848
17:14:55,有人,1.7800
17:14:55,有人,1.7911
17:14:55,有人,1.8135
17:14:55,有人,1.8443
17:14:55,有人,1.8712
17:14:55,有人,1.9104
17:14:55,有人,1.9518
17:14:55,有人,1.9685
17:14:55,有人,1.9784
17:14:55,有人,1.9717
17:14:55,有人,1.9675
17:14:55,有人,1.9733
17:14:55,有人,2.0068
17:14:55,有人,2.0460
17:14:55,有人,2.2883
17:14:55,有人,2.3281
17:14:55,有人,2.3531
17:14:55,有人,2.5608
17:14:55,有人,2.5684
17:14:55,有人,2.5756
17:14:55,有人,2.5968
17:14:55,有人,2.6177
17:14:55,有人,2.6300
17:14:55,有人,2.6121
17:14:55,有人,2.6354
17:14:55,有人,2.6815
17:14:55,有人,2.7324
17:14:55,有人,2.7743
17:14:55,有人,2.8240
17:14:55,有人,2.8736
17:14:55,有人,2.9059
17:14:55,有人,2.9585
17:14:55,有人,3.0174
17:14:55,有人,3.0668
17:14:55,有人,3.1248
17:14:55,有人,3.1844
17:14:55,有人,3.2351
17:14:55,有人,3.2756
17:14:55,有人,3.3020
17:14:55,有人,3.3091
17:14:55,有人,3.3186
17:14:55,有人,3.3156
17:14:55,有人,3.3286
17:14:55,有人,3.3292
17:14:55,有人,3.3271
17:14:55,有人,3.3272
17:14:56,有人,3.3087
17:14:56,有人,3.2987
17:14:56,有人,3.2841
17:14:56,有人,3.2692
17:14:56,有人,3.2676
17:14:56,有人,3.2692
17:14:56,有人,3.2637
17:14:56,有人,3.2822
17:14:56,有人,3.2909
17:14:56,有人,3.5438
17:14:56,有人,3.5441
17:14:56,有人,3.7489
17:14:56,有人,3.7298
17:14:56,有人,3.6712
17:14:56,有人,3.6362
17:14:56,有人,3.5786
17:14:56,有人,3.5060
17:14:56,有人,3.4695
17:14:56,有人,3.4016
17:14:56,有人,3.3571
17:14:56,有人,3.3097
17:14:56,有人,3.2653
17:14:56,有人,3.2308
17:14:56,有人,3.2060
17:14:56,有人,3.1887
17:14:56,有人,3.1793
17:14:56,有人,3.1566
17:14:56,有人,3.1505
17:14:56,有人,3.1421
17:14:56,有人,3.1310
17:14:56,有人,3.1123
17:14:56,有人,3.0760
17:14:56,有人,3.0489
17:14:56,有人,3.0205
17:14:56,有人,2.9735
17:14:56,有人,2.9275
17:14:56,有人,2.8278
17:14:56,有人,2.7277
17:14:56,有人,2.7301
17:14:56,有人,2.6678
17:14:56,有人,2.6184
17:14:56,有人,2.5873
17:14:56,有人,2.5709
17:14:56,有人,2.5574
17:14:56,有人,2.5497
17:14:56,有人,2.5354
17:14:56,有人,2.5223
17:14:56,有人,2.5176
17:14:56,有人,2.5194
17:14:56,有人,2.5169
17:14:56,有人,2.5156
17:14:56,有人,2.5128
17:14:57,有人,2.5124
17:14:57,有人,2.5103
17:14:57,有人,2.3198
17:14:57,有人,2.3201
17:14:57,有人,2.3333
17:14:57,有人,2.3322
17:14:57,有人,2.3374
17:14:57,有人,2.3311
17:14:57,有人,2.3256
17:14:57,有人,2.3220
17:14:57,有人,2.3183
17:14:57,有人,2.2994
17:14:57,有人,2.2520
17:14:57,有人,2.1811
17:14:57,有人,2.0650
17:14:57,有人,1.9178
17:14:57,有人,1.7288
17:14:57,有人,1.5890
17:14:57,有人,1.4924
17:14:57,有人,1.3041
17:14:57,有人,1.2279
17:14:57,有人,1.1728
17:14:57,有人,1.1378
17:14:57,没人,1.1267
17:14:57,没人,1.1193
17:14:57,没人,1.1146
17:14:57,没人,1.1128
17:14:57,没人,1.1104
17:14:57,没人,1.1087
17:14:57,没人,1.1056
17:14:57,没人,1.1079
17:14:57,没人,1.1001
17:14:57,没人,1.0993
17:14:57,没人,1.0924
17:14:57,没人,1.0706
17:14:57,没人,1.0624
17:14:57,没人,1.0467
17:14:57,没人,1.0284
17:14:57,没人,1.0201
17:14:57,没人,1.0050
17:14:57,没人,1.0052
17:14:57,没人,1.0040
17:14:57,没人,1.0093
17:14:57,没人,1.0091
17:14:57,没人,1.0101
17:14:57,没人,1.0080
17:14:57,没人,1.0076
17:14:57,没人,1.0073
17:14:57,没人,1.0038
17:14:57,没人,1.0063
17:14:58,没人,1.0219
17:14:58,没人,1.0219
17:14:58,没人,1.0157
17:14:58,没人,0.9983
17:14:58,没人,0.9918
17:14:58,没人,0.9697
17:14:58,没人,0.9527
17:14:58,没人,0.6902
17:14:58,没人,0.6747
17:14:58,没人,0.4421
17:14:58,没人,0.4368
17:14:58,没人,0.4340
17:14:58,没人,0.4341
17:14:58,没人,0.4325
17:14:58,没人,0.4351
17:14:58,没人,0.4331
17:14:58,没人,0.4328
17:14:58,没人,0.4294
17:14:58,没人,0.4298
17:14:58,没人,0.4315
17:14:58,没人,0.4296
17:14:58,没人,0.4301
17:14:58,没人,0.4318
17:14:58,没人,0.4312
17:14:58,没人,0.4315
17:14:58,没人,0.4340
17:14:58,没人,0.4341
17:14:58,没人,0.4343
17:14:58,没人,0.4334
17:14:58,没人,0.4378
17:14:58,没人,0.4384
17:14:58,没人,0.4393
17:14:58,没人,0.4400
17:14:58,没人,0.4355
17:14:58,没人,0.4299
17:14:58,没人,0.4309
17:14:58,没人,0.3536
17:14:58,没人,0.3553
17:14:58,没人,0.3556
17:14:58,没人,0.3527
17:14:58,没人,0.3525
17:14:58,没人,0.3523
17:14:58,没人,0.3531
17:14:58,没人,0.3531
17:14:58,没人,0.3519
17:14:58,没人,0.3516
17:14:58,没人,0.3501
17:14:58,没人,0.3506
17:14:59,没人,0.3520
17:14:59,没人,0.3503
17:14:59,没人,0.3502
17:14:59,没人,0.3517
17:14:59,没人,0.3518
17:14:59,没人,0.3477
17:14:59,没人,0.3338
17:14:59,没人,0.3346
17:14:59,没人,0.3319
17:14:59,没人,0.3326
17:14:59,没人,0.3336
17:14:59,没人,0.3336
17:14:59,没人,0.3310
17:14:59,没人,0.3295
17:14:59,没人,0.3250
17:14:59,没人,0.3225
17:14:59,没人,0.3178
17:14:59,没人,0.3203
17:14:59,没人,0.3217
17:14:59,没人,0.3222
17:14:59,没人,0.3232
17:14:59,没人,0.3235
17:14:59,没人,0.3276
17:14:59,没人,0.3288
17:14:59,没人,0.3299
17:14:59,没人,0.3324
17:14:59,没人,0.3340
17:14:59,没人,0.3359
17:14:59,没人,0.3367
17:14:59,没人,0.3383
17:14:59,没人,0.3337
17:14:59,没人,0.3395
17:14:59,没人,0.3388
17:14:59,没人,0.3377
17:14:59,没人,0.3361
17:14:59,没人,0.3349
17:14:59,没人,0.3406
17:14:59,没人,0.3408
17:14:59,没人,0.3402
17:14:59,没人,0.3447
17:14:59,没人,0.3423
17:14:59,没人,0.3483
17:14:59,没人,0.3488
17:14:59,没人,0.3486
17:14:59,没人,0.3437
17:14:59,没人,0.3437
17:14:59,没人,0.3410
17:14:59,没人,0.3432
17:15:00,没人,0.3438
17:15:00,没人,0.3421
17:15:00,没人,0.3427
17:15:00,没人,0.3422
17:15:00,没人,0.3215
17:15:00,没人,0.3209
17:15:00,没人,0.3217
17:15:00,没人,0.3229
17:15:00,没人,0.3231
17:15:00,没人,0.3212
17:15:00,没人,0.3234
17:15:00,没人,0.3209
17:15:00,没人,0.3171
17:15:00,没人,0.3185
17:15:00,没人,0.3207
17:15:00,没人,0.3227
17:15:00,没人,0.3204
17:15:00,没人,0.3181
17:15:00,没人,0.3154
17:15:00,没人,0.3218
17:15:00,没人,0.3219
17:15:00,没人,0.3223
17:15:00,没人,0.3233
17:15:00,没人,0.3221
17:15:00,没人,0.3240
17:15:00,没人,0.3267
17:15:00,没人,0.3227
17:15:00,没人,0.3231
17:15:00,没人,0.3228
17:15:00,没人,0.3246
17:15:00,没人,0.3291
17:15:00,没人,0.3331
17:15:00,没人,0.3393
17:15:00,没人,0.3503
17:15:00,没人,0.3580
17:15:00,没人,0.3610
17:15:00,没人,0.3645
17:15:00,没人,0.3710
17:15:00,没人,0.3766
17:15:00,没人,0.3796
17:15:00,没人,0.3868
17:15:00,没人,0.3919
17:15:00,没人,0.3993
17:15:00,没人,0.4069
17:15:00,没人,0.4117
17:15:00,没人,0.4217
17:15:00,没人,0.4248
17:15:00,没人,0.4333
17:15:00,没人,0.4377
17:15:00,没人,0.4424
17:15:01,没人,0.4509
17:15:01,没人,0.4609
17:15:01,没人,0.4665
17:15:01,没人,0.4709
17:15:01,没人,0.4736
17:15:01,没人,0.4765
17:15:01,没人,0.4794
17:15:01,没人,0.4810
17:15:01,没人,0.4781
17:15:01,没人,0.4821
17:15:01,没人,0.4867
17:15:01,没人,0.4846
17:15:01,没人,0.4813
17:15:01,没人,0.4849
17:15:01,没人,0.4855
17:15:01,没人,0.4849
17:15:01,没人,0.4875
17:15:01,没人,0.4902
17:15:01,没人,0.4886
17:15:01,没人,0.4892
17:15:01,没人,0.4880
17:15:01,没人,0.4885
17:15:01,没人,0.4882
17:15:01,没人,0.4878
17:15:01,没人,0.4833
17:15:01,没人,0.4820
17:15:01,没人,0.4827
17:15:01,没人,0.4827
17:15:01,没人,0.4846
17:15:01,没人,0.4879
17:15:01,没人,0.5014
17:15:01,没人,0.5096
17:15:01,没人,0.5208
17:15:01,没人,0.5173
17:15:01,没人,0.5163
17:15:01,没人,0.5176
17:15:01,没人,0.5182
17:15:01,没人,0.5817
17:15:01,没人,0.5883
17:15:01,没人,0.5919
17:15:01,没人,0.5896
17:15:01,没人,0.5834
17:15:01,没人,0.8321
17:15:01,没人,0.8299
17:15:01,没人,0.8263
17:15:01,没人,1.2089
17:15:01,没人,1.2084
17:15:01,没人,1.2160
17:15:01,没人,1.2369
17:15:01,没人,1.2384
17:15:01,没人,1.2377
17:15:01,没人,1.2507
17:15:01,没人,1.2563
17:15:02,没人,1.2566
17:15:02,没人,1.2632
17:15:02,没人,1.3450
17:15:02,没人,1.4726
17:15:02,没人,1.5863
17:15:02,没人,1.6536
17:15:02,有人,1.6916
17:15:02,有人,1.7112
17:15:02,有人,1.7318
17:15:02,有人,1.7361
17:15:02,有人,1.7392
17:15:02,有人,1.7400
17:15:02,有人,1.7449
17:15:02,有人,1.7572
17:15:02,有人,1.7714
17:15:02,有人,1.7977
17:15:02,有人,1.8306
17:15:02,有人,1.8875
17:15:02,有人,1.9706
17:15:02,有人,2.0136
17:15:02,有人,2.0929
17:15:02,有人,2.1363
17:15:02,有人,2.1666
17:15:02,有人,2.1728
17:15:02,有人,2.1780
17:15:02,有人,2.1789
17:15:02,有人,2.1837
17:15:02,有人,2.1893
17:15:02,有人,2.2003
17:15:02,有人,2.2076
17:15:02,有人,2.2037
17:15:02,有人,2.2088
17:15:02,有人,2.2269
17:15:02,有人,2.2297
17:15:02,有人,2.2316
17:15:02,有人,2.2331
17:15:02,有人,2.2475
17:15:02,有人,2.2518
17:15:02,有人,2.2647
17:15:02,有人,2.3042
17:15:02,有人,2.3310
17:15:02,有人,2.3679
17:15:02,有人,2.4082
17:15:02,有人,2.4293
17:15:02,有人,2.4345
17:15:02,有人,2.4453
17:15:02,有人,2.4616
17:15:02,有人,2.4758
17:15:03,有人,2.5073
17:15:03,有人,2.5728
17:15:03,有人,2.6585
17:15:03,有人,2.7401
17:15:03,有人,2.8103
17:15:03,有人,2.8772
17:15:03,有人,3.1345
17:15:03,有人,3.5222
17:15:03,有人,3.9272
17:15:03,有人,4.2990
17:15:03,有人,4.5600
17:15:03,有人,4.8534
17:15:03,有人,5.2254
17:15:03,有人,5.6367
17:15:03,有人,6.0317
17:15:03,有人,6.3016
17:15:03,有人,6.5010
17:15:03,有人,6.6892
17:15:03,有人,6.9169
17:15:03,有人,7.0831
17:15:03,有人,7.1698
17:15:03,有人,7.2083
17:15:03,有人,7.1937
17:15:03,有人,7.2102
17:15:03,有人,7.2501
17:15:03,有人,7.2960
17:15:03,有人,7.3310
17:15:03,有人,7.3449
17:15:03,有人,7.3556
17:15:03,有人,7.3615
17:15:03,有人,7.3667
17:15:03,有人,7.3719
17:15:03,有人,7.3848
17:15:03,有人,7.3925
17:15:03,有人,7.3863
17:15:03,有人,7.3747
17:15:03,有人,7.2830
17:15:03,有人,7.2909
17:15:03,有人,7.3277
17:15:03,有人,7.3607
17:15:03,有人,7.3737
17:15:03,有人,7.1539
17:15:03,有人,7.3261
17:15:03,有人,7.6534
17:15:03,有人,7.5702
17:15:03,有人,7.6924
17:15:03,有人,7.7381
17:15:03,有人,7.7406
17:15:04,有人,7.7456
17:15:04,有人,7.7597
17:15:04,有人,7.7947
17:15:04,有人,7.8080
17:15:04,有人,7.7996
17:15:04,有人,7.7860
17:15:04,有人,7.6584
17:15:04,有人,7.4577
17:15:04,有人,7.2684
17:15:04,有人,7.1556
17:15:04,有人,7.0911
17:15:04,有人,7.0781
17:15:04,有人,7.2555
17:15:04,有人,7.4709
17:15:04,有人,7.5911
17:15:04,有人,7.6735
17:15:04,有人,7.7515
17:15:04,有人,7.8575
17:15:04,有人,8.0648
17:15:04,有人,8.3397
17:15:04,有人,8.4162
17:15:04,有人,8.6153
17:15:04,有人,8.5256
17:15:04,有人,8.4556
17:15:04,有人,8.3141
17:15:04,有人,8.1773
17:15:04,有人,8.1689
17:15:04,有人,8.1074
17:15:04,有人,8.0331
17:15:04,有人,7.9612
17:15:04,有人,7.9113
17:15:04,有人,7.8589
17:15:04,有人,7.7923
17:15:04,有人,7.7022
17:15:04,有人,7.6699
17:15:04,有人,7.6448
17:15:04,有人,7.6296
17:15:04,有人,7.6014
17:15:04,有人,7.5824
17:15:04,有人,7.5673
17:15:04,有人,7.4863
17:15:04,有人,7.4271
17:15:04,有人,7.3915
17:15:04,有人,7.3713
17:15:04,有人,7.3609
17:15:04,有人,7.3574
17:15:04,有人,7.3567
17:15:04,有人,7.3403
17:15:04,有人,7.3157
17:15:04,有人,7.3054
17:15:04,有人,7.2889
17:15:04,有人,7.2673
17:15:05,有人,7.2567
17:15:05,有人,7.2710
17:15:05,有人,7.3442
17:15:05,有人,7.4314
17:15:05,有人,7.5467
17:15:05,有人,7.6274
17:15:05,有人,7.6296
17:15:05,有人,7.5392
17:15:05,有人,7.4797
17:15:05,有人,7.4112
17:15:05,有人,7.3883
17:15:05,有人,7.3093
17:15:05,有人,7.1739
17:15:05,有人,6.9882
17:15:05,有人,6.8085
17:15:05,有人,6.7046
17:15:05,有人,6.6264
17:15:05,有人,6.5516
17:15:05,有人,6.4424
17:15:05,有人,6.4036
17:15:05,有人,6.3862
17:15:05,有人,6.3920
17:15:05,有人,6.3916
17:15:05,有人,6.3258
17:15:05,有人,6.2087
17:15:05,有人,6.0931
17:15:05,有人,5.9763
17:15:05,有人,5.8939
17:15:05,有人,5.8610
17:15:05,有人,5.8911
17:15:05,有人,5.9206
17:15:05,有人,5.9160
17:15:05,有人,5.8732
17:15:05,有人,5.8382
17:15:05,有人,5.8038
17:15:05,有人,5.7891
17:15:05,有人,5.8715
17:15:05,有人,6.1445
17:15:05,有人,6.4274
17:15:05,有人,6.4273
17:15:05,有人,6.4143
17:15:05,有人,6.3225
17:15:05,有人,5.9999
17:15:05,有人,5.4811
17:15:05,有人,4.9452
17:15:05,有人,4.6472
17:15:05,有人,4.5828
17:15:05,有人,4.9294
17:15:05,有人,5.3065
17:15:05,有人,5.3624
17:15:06,有人,5.3624
17:15:06,有人,5.3484
17:15:06,有人,5.3364
17:15:06,有人,5.3494
17:15:06,有人,5.4530
17:15:06,有人,5.5278
17:15:06,有人,5.5995
17:15:06,有人,5.5997
17:15:06,有人,5.6624
17:15:06,有人,5.8941
17:15:06,有人,6.1764
17:15:06,有人,6.6691
17:15:06,有人,7.1436
17:15:06,有人,7.4296
17:15:06,有人,7.4990
17:15:06,有人,7.4868
17:15:06,有人,7.3779
17:15:06,有人,7.0853
17:15:06,有人,7.0534
17:15:06,有人,6.7049
17:15:06,有人,6.6681
17:15:06,有人,6.6855
17:15:06,有人,7.1942
17:15:06,有人,7.2196
17:15:06,有人,7.2537
17:15:06,有人,7.3046
17:15:06,有人,7.3649
17:15:06,有人,7.4455
17:15:06,有人,7.5712
17:15:06,有人,7.7429
17:15:06,有人,7.8462
17:15:06,有人,7.9448
17:15:06,有人,8.0207
17:15:06,有人,8.0826
17:15:06,有人,8.1415
17:15:06,有人,8.2054
17:15:06,有人,8.2412
17:15:06,有人,8.2906
17:15:06,有人,8.3421
17:15:06,有人,8.3926
17:15:06,有人,8.4544
17:15:06,有人,8.4987
17:15:06,有人,8.5366
17:15:06,有人,8.5580
17:15:06,有人,8.5862
17:15:06,有人,8.6134
17:15:06,有人,8.6421
17:15:06,有人,8.6616
17:15:06,有人,8.6756
17:15:06,有人,8.7068
17:15:07,有人,8.7274
17:15:07,有人,8.7052
17:15:07,有人,8.5724
17:15:07,有人,8.4140
17:15:07,有人,8.2167
17:15:07,有人,8.0720
17:15:07,有人,7.9537
17:15:07,有人,7.8505
17:15:07,有人,7.6550
17:15:07,有人,7.4756
17:15:07,有人,7.3222
17:15:07,有人,7.2123
17:15:07,有人,7.1365
17:15:07,有人,7.1063
17:15:07,有人,7.1078
17:15:07,有人,7.0947
17:15:07,有人,7.0593
17:15:07,有人,7.0089
17:15:07,有人,6.9746
17:15:07,有人,6.9132
17:15:07,有人,6.8724
17:15:07,有人,6.8540
17:15:07,有人,6.8529
17:15:07,有人,6.8613
17:15:07,有人,6.8663
17:15:07,有人,6.8637
17:15:07,有人,6.8550
17:15:07,有人,6.8145
17:15:07,有人,6.6777
17:15:07,有人,6.4495
17:15:07,有人,6.2182
17:15:07,有人,6.0061
17:15:07,有人,5.8542
17:15:07,有人,5.7604
17:15:07,有人,5.7084
17:15:07,有人,5.6840
17:15:07,有人,5.6771
17:15:07,有人,5.6087
17:15:07,有人,5.5457
17:15:07,有人,5.4574
17:15:07,有人,5.3410
17:15:07,有人,5.2634
17:15:07,有人,5.4941
17:15:07,有人,5.7841
17:15:07,有人,6.0706
17:15:07,有人,6.0765
17:15:07,有人,6.1253
17:15:07,有人,5.9967
17:15:07,有人,5.8547
17:15:07,有人,5.6840
17:15:07,有人,5.5131
17:15:07,有人,5.4713
17:15:07,有人,5.4499
17:15:08,有人,5.2071
17:15:08,有人,4.7458
17:15:08,有人,4.3761
17:15:08,有人,4.0257
17:15:08,有人,3.7168
17:15:08,有人,3.3570
17:15:08,有人,3.1993
17:15:08,有人,3.0956
17:15:08,有人,2.9292
17:15:08,有人,2.7890
17:15:08,有人,2.7254
17:15:08,有人,2.7326
17:15:08,有人,2.7264
17:15:08,有人,2.7079
17:15:08,有人,2.7071
17:15:08,有人,2.7173
17:15:08,有人,2.7027
17:15:08,有人,2.6960
17:15:08,有人,2.6991
17:15:08,有人,2.3171
17:15:08,有人,2.3316
17:15:08,有人,2.3500
17:15:08,有人,2.3697
17:15:08,有人,2.3975
17:15:08,有人,2.4131
17:15:08,有人,2.4224
17:15:08,有人,2.4148
17:15:08,有人,2.4241
17:15:08,有人,2.4326
17:15:08,有人,2.4461
17:15:08,有人,2.4665
17:15:08,有人,2.4842
17:15:08,有人,2.4982
17:15:08,有人,2.5198
17:15:08,有人,2.5413
17:15:08,有人,2.5769
17:15:08,有人,2.6382
17:15:08,有人,2.6901
17:15:08,有人,2.7528
17:15:08,有人,2.8149
17:15:08,有人,2.8593
17:15:08,有人,2.8759
17:15:08,有人,2.8925
17:15:08,有人,2.9012
17:15:08,有人,2.9023
17:15:08,有人,2.9039
17:15:08,有人,2.9060
17:15:09,有人,2.9063
17:15:09,有人,2.9105
17:15:09,有人,2.9136
17:15:09,有人,2.9175
17:15:09,有人,2.9208
17:15:09,有人,2.9290
17:15:09,有人,2.9337
17:15:09,有人,2.9368
17:15:09,有人,2.9426
17:15:09,有人,2.9464
17:15:09,有人,2.9484
17:15:09,有人,2.9539
17:15:09,有人,3.1638
17:15:09,有人,3.1808
17:15:09,有人,3.2217
17:15:09,有人,3.2687
17:15:09,有人,3.4622
17:15:09,有人,3.4991
17:15:09,有人,3.5278
17:15:09,有人,3.5278
17:15:09,有人,3.5286
17:15:09,有人,3.5296
17:15:09,有人,3.5313
17:15:09,有人,3.5335
17:15:09,有人,3.5264
17:15:09,有人,3.5192
17:15:09,有人,3.5112
17:15:09,有人,3.5043
17:15:09,有人,3.4908
17:15:09,有人,3.5056
17:15:09,有人,3.5170
17:15:09,有人,3.5350
17:15:09,有人,3.5553
17:15:09,有人,3.5847
17:15:09,有人,3.6022
17:15:09,有人,3.6351
17:15:09,有人,3.6866
17:15:09,有人,3.7521
17:15:09,有人,3.8116
17:15:09,有人,3.8996
17:15:09,有人,3.9310
17:15:09,有人,3.9446
17:15:09,有人,3.6673
17:15:09,有人,3.3554
17:15:09,有人,3.0367
17:15:09,有人,3.0458
17:15:09,有人,3.0404
17:15:09,有人,3.0597
17:15:09,有人,3.0592
17:15:09,有人,3.0776
17:15:09,有人,3.1046
17:15:09,有人,3.1297
17:15:10,有人,3.1091
17:15:10,有人,3.0946
17:15:10,有人,3.1086
17:15:10,有人,3.1274
17:15:10,有人,3.1633
17:15:10,有人,3.1871
17:15:10,有人,3.2020
17:15:10,有人,3.2312
17:15:10,有人,3.2337
17:15:10,有人,3.2471
17:15:10,有人,3.2525
17:15:10,有人,3.2686
17:15:10,有人,3.2787
17:15:10,有人,3.2767
17:15:10,有人,3.2854
17:15:10,有人,3.2964
17:15:10,有人,3.2914
17:15:10,有人,3.2953
17:15:10,有人,3.2923
17:15:10,有人,3.2890
17:15:10,有人,3.2776
17:15:10,有人,3.2660
17:15:10,有人,3.2402
17:15:10,有人,3.2142
17:15:10,有人,3.1848
17:15:10,有人,3.1594
17:15:10,有人,3.1413
17:15:10,有人,3.1087
17:15:10,有人,3.0751
17:15:10,有人,3.0442
17:15:10,有人,3.0126
17:15:10,有人,2.9623
17:15:10,有人,2.9181
17:15:10,有人,2.8714
17:15:10,有人,2.8079
17:15:10,有人,2.7497
17:15:10,有人,2.6718
17:15:10,有人,2.5598
17:15:10,有人,2.4576
17:15:10,有人,2.3528
17:15:10,有人,2.2265
17:15:10,有人,2.1056
17:15:10,有人,2.0215
17:15:10,有人,1.9422
17:15:10,有人,1.9332
17:15:10,有人,1.9857
17:15:10,有人,2.0234
17:15:10,有人,2.0455
17:15:10,有人,2.1016
17:15:11,有人,2.0949
17:15:11,有人,2.0949
17:15:11,有人,2.0911
17:15:11,有人,2.0895
17:15:11,有人,2.0934
17:15:11,有人,2.0880
17:15:11,有人,2.0855
17:15:11,有人,2.1311
17:15:11,有人,2.2353
17:15:11,有人,2.2996
17:15:11,有人,2.3530
17:15:11,有人,2.1190
17:15:11,有人,2.1115
17:15:11,有人,2.1100
17:15:11,有人,2.1205
17:15:11,有人,1.8924
17:15:11,有人,1.9064
17:15:11,有人,1.9140
17:15:11,有人,1.9145
17:15:11,有人,1.9159
17:15:11,有人,1.9171
17:15:11,有人,1.9166
17:15:11,有人,1.9308
17:15:11,有人,1.9490
17:15:11,有人,1.9459
17:15:11,有人,1.9341
17:15:11,有人,1.9251
17:15:11,有人,1.9194
17:15:11,有人,1.9161
17:15:11,有人,1.9179
17:15:11,有人,1.9374
17:15:11,有人,1.9590
17:15:11,有人,1.9755
17:15:11,有人,1.9910
17:15:11,有人,1.9953
17:15:11,有人,2.0011
17:15:11,有人,1.9839
17:15:11,有人,1.9640
17:15:11,有人,1.9312
17:15:11,有人,1.9362
17:15:11,有人,1.9359
17:15:11,有人,1.9341
17:15:11,有人,1.9401
17:15:11,有人,1.9511
17:15:11,有人,1.9497
17:15:11,有人,1.9483
17:15:11,有人,1.9387
17:15:11,有人,1.9361
17:15:12,有人,1.9330
17:15:12,有人,1.9125
17:15:12,有人,1.8785
17:15:12,有人,1.8528
17:15:12,有人,1.8107
17:15:12,有人,1.7603
17:15:12,有人,1.7161
17:15:12,有人,1.6688
17:15:12,有人,1.6349
17:15:12,有人,1.6077
17:15:12,有人,1.5667
17:15:12,有人,1.5267
17:15:12,有人,1.4980
17:15:12,有人,1.4783
17:15:12,有人,1.4468
17:15:12,有人,1.4346
17:15:12,有人,1.4146
17:15:12,有人,1.4028
17:15:12,有人,1.3913
17:15:12,有人,1.3875
17:15:12,有人,1.3739
17:15:12,有人,1.3665
17:15:12,有人,1.3645
17:15:12,有人,1.3521
17:15:12,有人,1.3317
17:15:12,有人,1.3134
17:15:12,有人,1.2851
17:15:12,有人,1.2646
17:15:12,有人,1.2451
17:15:12,有人,1.2161
17:15:12,有人,1.2025
17:15:12,有人,1.1736
17:15:12,有人,1.1530
17:15:12,没人,1.1330
17:15:12,没人,1.1145
17:15:12,没人,1.0926
17:15:12,没人,1.0829
17:15:12,没人,1.0769
17:15:12,没人,1.0769
17:15:12,没人,1.0729
17:15:12,没人,1.0746
17:15:12,没人,1.0750
17:15:12,没人,1.0683
17:15:12,没人,1.0679
17:15:12,没人,1.0681
17:15:12,没人,1.0657
17:15:12,没人,1.0619
17:15:12,没人,1.0300
17:15:12,没人,0.9900
17:15:13,没人,0.9599
17:15:13,没人,0.9365
17:15:13,没人,0.9013
17:15:13,没人,0.9005
17:15:13,没人,0.8981
17:15:13,没人,0.8944
17:15:13,没人,0.8863
17:15:13,没人,0.8758
17:15:13,没人,0.8591
17:15:13,没人,0.8473
17:15:13,没人,0.8229
17:15:13,没人,0.7675
17:15:13,没人,0.7458
17:15:13,没人,0.7255
17:15:13,没人,0.7288
17:15:13,没人,0.7285
17:15:13,没人,0.7263
17:15:13,没人,0.7114
17:15:13,没人,0.7051
17:15:13,没人,0.7108
17:15:13,没人,0.7149
17:15:13,没人,0.7113
17:15:13,没人,0.7046
17:15:13,没人,0.7000
17:15:13,没人,0.6849
17:15:13,没人,0.6391
17:15:13,没人,0.5810
17:15:13,没人,0.5425
17:15:13,没人,0.5254
17:15:13,没人,0.5112
17:15:13,没人,0.4970
17:15:13,没人,0.4776
17:15:13,没人,0.4738
17:15:13,没人,0.4699
17:15:13,没人,0.4646
17:15:13,没人,0.4621
17:15:13,没人,0.4620
17:15:13,没人,0.4608
17:15:13,没人,0.4467
17:15:13,没人,0.4434
17:15:13,没人,0.4378
17:15:13,没人,0.4246
17:15:13,没人,0.4076
17:15:13,没人,0.4003
17:15:13,没人,0.3980
17:15:13,没人,0.3944
17:15:13,没人,0.3831
17:15:13,没人,0.3772
17:15:13,没人,0.3717
17:15:13,没人,0.3637
17:15:14,没人,0.3665
17:15:14,没人,0.3599
17:15:14,没人,0.3585
17:15:14,没人,0.3586
17:15:14,没人,0.3589
17:15:14,没人,0.3597
17:15:14,没人,0.3590
17:15:14,没人,0.3563
17:15:14,没人,0.3566
17:15:14,没人,0.3561
17:15:14,没人,0.3583
17:15:14,没人,0.3579
17:15:14,没人,0.3545
17:15:14,没人,0.3503
17:15:14,没人,0.3488
17:15:14,没人,0.3517
17:15:14,没人,0.3501
17:15:14,没人,0.3525
17:15:14,没人,0.3510
17:15:14,没人,0.3463
17:15:14,没人,0.3452
17:15:14,没人,0.3450
17:15:14,没人,0.3447
17:15:14,没人,0.3400
17:15:14,没人,0.3431
17:15:14,没人,0.3390
17:15:14,没人,0.3410
17:15:14,没人,0.3410
17:15:14,没人,0.3386
17:15:14,没人,0.3379
17:15:14,没人,0.3347
17:15:14,没人,0.3301
17:15:14,没人,0.3306
17:15:14,没人,0.3360
17:15:14,没人,0.3411
17:15:14,没人,0.3377
17:15:14,没人,0.3433
17:15:14,没人,0.3441
17:15:14,没人,0.3423
17:15:14,没人,0.3409
17:15:14,没人,0.3416
17:15:14,没人,0.3432
17:15:14,没人,0.3437
17:15:14,没人,0.3453
17:15:14,没人,0.3474
17:15:14,没人,0.3515
17:15:14,没人,0.3583
17:15:14,没人,0.3549
17:15:14,没人,0.3660
17:15:14,没人,0.3635
17:15:15,没人,0.3654
17:15:15,没人,0.3649
17:15:15,没人,0.3650
17:15:15,没人,0.3643
17:15:15,没人,0.3650
17:15:15,没人,0.3633
17:15:15,没人,0.3625
17:15:15,没人,0.3600
17:15:15,没人,0.3563
17:15:15,没人,0.3598
17:15:15,没人,0.3606
17:15:15,没人,0.3579
17:15:15,没人,0.3517
17:15:15,没人,0.3549
17:15:15,没人,0.3496
17:15:15,没人,0.3482
17:15:15,没人,0.3471
17:15:15,没人,0.3477
17:15:15,没人,0.3466
17:15:15,没人,0.3383
17:15:15,没人,0.3366
17:15:15,没人,0.3357
17:15:15,没人,0.3329
17:15:15,没人,0.3274
17:15:15,没人,0.3269
17:15:15,没人,0.3212
17:15:15,没人,0.3188
17:15:15,没人,0.3228
17:15:15,没人,0.3211
17:15:15,没人,0.3259
17:15:15,没人,0.3254
17:15:15,没人,0.3241
17:15:15,没人,0.3208
17:15:15,没人,0.3212
17:15:15,没人,0.3224
17:15:15,没人,0.3229
17:15:15,没人,0.3223
17:15:15,没人,0.3205
17:15:15,没人,0.3195
17:15:15,没人,0.3192
17:15:15,没人,0.3178
17:15:15,没人,0.3201
17:15:15,没人,0.3219
17:15:15,没人,0.3231
17:15:15,没人,0.3199
17:15:15,没人,0.3192
17:15:15,没人,0.3219
17:15:16,没人,0.3221
17:15:16,没人,0.3203
17:15:16,没人,0.3204
17:15:16,没人,0.3175
17:15:16,没人,0.3223
17:15:16,没人,0.3219
17:15:16,没人,0.3197
17:15:16,没人,0.3185
17:15:16,没人,0.3187
17:15:16,没人,0.3208
17:15:16,没人,0.3207
17:15:16,没人,0.3229
17:15:16,没人,0.3237
17:15:16,没人,0.3212
17:15:16,没人,0.3201
17:15:16,没人,0.3290
17:15:16,没人,0.3334
17:15:16,没人,0.3394
17:15:16,没人,0.3436
17:15:16,没人,0.3457
17:15:16,没人,0.3502
17:15:16,没人,0.3525
17:15:16,没人,0.3572
17:15:16,没人,0.3594
17:15:16,没人,0.3604
17:15:16,没人,0.3587
17:15:16,没人,0.3598
17:15:16,没人,0.3609
17:15:16,没人,0.3630
17:15:16,没人,0.3688
17:15:16,没人,0.3692
17:15:16,没人,0.3694
17:15:16,没人,0.3705
17:15:16,没人,0.3740
17:15:16,没人,0.3799
17:15:16,没人,0.3897
17:15:16,没人,0.3879
17:15:16,没人,0.3875
17:15:16,没人,0.3975
17:15:16,没人,0.3914
17:15:16,没人,0.3934
17:15:16,没人,0.3921
17:15:16,没人,0.3943
17:15:16,没人,0.3946
17:15:16,没人,0.3974
17:15:16,没人,0.4096
17:15:16,没人,0.4111
17:15:16,没人,0.4182
17:15:16,没人,0.4210
17:15:16,没人,0.4180
17:15:17,没人,0.4215
17:15:17,没人,0.4189
17:15:17,没人,0.4261
17:15:17,没人,0.4293
17:15:17,没人,0.4276
17:15:17,没人,0.4255
17:15:17,没人,0.4262
17:15:17,没人,0.4256
17:15:17,没人,0.4271
17:15:17,没人,0.4269
17:15:17,没人,0.4291
17:15:17,没人,0.4316
17:15:17,没人,0.4314
17:15:17,没人,0.4357
17:15:17,没人,0.4497
17:15:17,没人,0.4580
17:15:17,没人,0.4822
17:15:17,没人,0.5084
17:15:17,没人,0.5312
17:15:17,没人,0.5576
17:15:17,没人,0.5873
17:15:17,没人,0.6096
17:15:17,没人,0.6345
17:15:17,没人,0.6607
17:15:17,没人,0.6792
17:15:17,没人,0.6928
17:15:17,没人,0.7194
17:15:17,没人,0.7394
17:15:17,没人,0.7458
17:15:17,没人,0.7529
17:15:17,没人,0.7564
17:15:17,没人,0.7586
17:15:17,没人,0.7549
17:15:17,没人,0.7644
17:15:17,没人,0.7635
17:15:17,没人,0.7625
17:15:17,没人,0.7597
17:15:17,没人,0.7559
17:15:17,没人,0.7550
17:15:17,没人,0.7545
17:15:17,没人,0.7562
17:15:17,没人,0.7548
17:15:17,没人,0.7563
17:15:17,没人,0.7550
17:15:17,没人,0.7532
17:15:17,没人,0.7548
17:15:17,没人,0.7511
17:15:17,没人,0.7518
17:15:17,没人,0.7581
17:15:17,没人,0.7606
17:15:18,没人,0.7688
17:15:18,没人,0.7768
17:15:18,没人,0.7861
17:15:18,没人,0.7927
17:15:18,没人,0.8012
17:15:18,没人,0.8255
17:15:18,没人,0.8550
17:15:18,没人,0.8794
17:15:18,没人,0.9242
17:15:18,没人,0.9711
17:15:18,没人,1.0330
17:15:18,没人,1.0904
17:15:18,没人,1.1406
17:15:18,没人,1.1685
17:15:18,没人,1.1914
17:15:18,没人,1.1875
17:15:18,没人,1.1853
17:15:18,没人,1.1769
17:15:18,没人,1.1650
17:15:18,没人,1.1548
17:15:18,没人,1.1439
17:15:18,没人,1.1315
17:15:18,没人,1.1238
17:15:18,没人,1.1109
17:15:18,没人,1.1188
17:15:18,没人,1.1318
17:15:18,没人,1.1405
17:15:18,没人,1.1583
17:15:18,没人,1.1814
17:15:18,没人,1.1828
17:15:18,没人,1.1994
17:15:18,没人,1.2063
17:15:18,没人,1.2133
17:15:18,没人,1.2107
17:15:18,没人,1.2059
17:15:18,没人,1.2126
17:15:18,没人,1.2312
17:15:18,没人,1.2400
17:15:18,没人,1.2401
17:15:18,没人,1.2439
17:15:18,没人,1.2581
17:15:18,没人,1.2618
17:15:18,没人,1.2725
17:15:18,没人,1.2884
17:15:18,没人,1.2903
17:15:18,没人,1.3011
17:15:18,没人,1.3009
17:15:18,没人,1.3038
17:15:18,没人,1.3129
17:15:19,没人,1.3318
17:15:19,没人,1.3423
17:15:19,没人,1.3455
17:15:19,没人,1.3398
17:15:19,没人,1.3360
17:15:19,没人,1.3305
17:15:19,没人,1.3377
17:15:19,没人,1.3414
17:15:19,没人,1.3511
17:15:19,没人,1.3782
17:15:19,没人,1.4186
17:15:19,没人,1.6511
17:15:19,没人,1.7050
17:15:19,有人,1.7315
17:15:19,有人,1.7418
17:15:19,有人,1.7487
17:15:19,有人,1.7567
17:15:19,有人,1.7485
17:15:19,有人,1.7358
17:15:19,有人,1.7320
17:15:19,有人,1.7199
17:15:19,有人,1.7096
17:15:19,有人,1.7116
17:15:19,有人,1.7121
17:15:19,有人,1.7089
17:15:19,有人,1.7041
17:15:19,有人,1.6983
17:15:19,有人,1.6817
17:15:19,有人,1.6676
17:15:19,有人,1.6678
17:15:19,有人,1.6681
17:15:19,有人,1.6643
17:15:19,有人,1.6664
17:15:19,有人,1.6748
17:15:19,有人,1.6729
17:15:19,有人,1.6785
17:15:19,有人,1.6809
17:15:19,有人,1.6885
17:15:19,有人,1.6910
17:15:19,有人,1.6923
17:15:19,有人,1.6968
17:15:19,有人,1.6963
17:15:19,有人,1.6963
17:15:19,有人,1.6991
17:15:19,有人,1.6973
17:15:19,有人,1.6987
17:15:19,有人,1.6929
17:15:19,有人,1.6914
17:15:19,有人,1.6901
17:15:19,有人,1.6829
17:15:19,有人,1.6812
17:15:20,有人,1.6715
17:15:20,有人,1.6593
17:15:20,有人,1.6472
17:15:20,有人,1.6327
17:15:20,有人,1.6232
17:15:20,有人,1.6000
17:15:20,有人,1.5660
17:15:20,有人,1.5365
17:15:20,有人,1.4851
17:15:20,有人,1.4284
17:15:20,有人,1.3508
17:15:20,有人,1.2752
17:15:20,有人,1.2081
17:15:20,有人,1.1600
17:15:20,有人,1.1174
17:15:20,没人,1.0996
17:15:20,没人,1.0861
17:15:20,没人,1.0787
17:15:20,没人,1.0788
17:15:20,没人,1.0746
17:15:20,没人,1.0710
17:15:20,没人,1.0725
17:15:20,没人,1.0666
17:15:20,没人,1.0638
17:15:20,没人,1.0589
17:15:20,没人,1.0512
17:15:20,没人,1.0452
17:15:20,没人,1.0341
17:15:20,没人,1.0183
17:15:20,没人,1.0113
17:15:20,没人,0.9973
17:15:20,没人,0.9855
17:15:20,没人,0.9850
17:15:20,没人,0.9824
17:15:20,没人,0.9832
17:15:20,没人,0.9658
17:15:20,没人,0.9475
17:15:20,没人,0.9358
17:15:20,没人,0.9194
17:15:20,没人,0.9151
17:15:20,没人,0.8959
17:15:20,没人,0.8905
17:15:20,没人,0.8868
17:15:20,没人,0.8867
17:15:20,没人,0.8879
17:15:20,没人,0.8741
17:15:20,没人,0.8720
17:15:20,没人,0.8684
17:15:20,没人,0.8657
17:15:20,没人,0.8470
17:15:21,没人,0.8406
17:15:21,没人,0.8411
17:15:21,没人,0.8417
17:15:21,没人,0.8424
17:15:21,没人,0.8431
17:15:21,没人,0.8345
17:15:21,没人,0.8287
17:15:21,没人,0.8269
17:15:21,没人,0.8105
17:15:21,没人,0.7877
17:15:21,没人,0.5733
17:15:21,没人,0.5367
17:15:21,没人,0.5234
17:15:21,没人,0.5263
17:15:21,没人,0.5200
17:15:21,没人,0.5139
17:15:21,没人,0.5075
17:15:21,没人,0.5062
17:15:21,没人,0.5029
17:15:21,没人,0.5006
17:15:21,没人,0.4983
17:15:21,没人,0.4909
17:15:21,没人,0.4847
17:15:21,没人,0.4730
17:15:21,没人,0.4771
17:15:21,没人,0.4804
17:15:21,没人,0.4823
17:15:21,没人,0.4869
17:15:21,没人,0.4898
17:15:21,没人,0.4923
17:15:21,没人,0.4973
17:15:21,没人,0.4979
17:15:21,没人,0.4968
17:15:21,没人,0.5002
17:15:21,没人,0.5084
17:15:21,没人,0.5111
17:15:21,没人,0.5112
17:15:21,没人,0.5162
17:15:21,没人,0.5270
17:15:21,没人,0.5228
17:15:21,没人,0.5225
17:15:21,没人,0.5258
17:15:21,没人,0.5311
17:15:21,没人,0.5380
17:15:21,没人,0.5443
17:15:21,没人,0.5471
17:15:21,没人,0.5524
17:15:21,没人,0.5586
17:15:21,没人,0.5625
17:15:22,没人,0.5638
17:15:22,没人,0.5678
17:15:22,没人,0.5711
17:15:22,没人,0.5760
17:15:22,没人,0.5761
17:15:22,没人,0.5734
17:15:22,没人,0.5723
17:15:22,没人,0.5704
17:15:22,没人,0.5756
17:15:22,没人,0.5833
17:15:22,没人,0.5864
17:15:22,没人,0.5965
17:15:22,没人,0.6046
17:15:22,没人,0.6137
17:15:22,没人,0.6159
17:15:22,没人,0.6202
17:15:22,没人,0.6246
17:15:22,没人,0.6352
17:15:22,没人,0.6502
17:15:22,没人,0.6635
17:15:22,没人,0.6864
17:15:22,没人,0.6985
17:15:22,没人,0.7042
17:15:22,没人,0.7159
17:15:22,没人,0.7223
17:15:22,没人,0.7344
17:15:22,没人,0.7523
17:15:22,没人,0.7767
17:15:22,没人,0.7936
17:15:22,没人,0.8044
17:15:22,没人,0.8121
17:15:22,没人,0.8155
17:15:22,没人,0.8174
17:15:22,没人,0.8169
17:15:22,没人,0.8119
17:15:22,没人,0.8126
17:15:22,没人,0.8124
17:15:22,没人,0.8206
17:15:22,没人,0.8258
17:15:22,没人,0.8378
17:15:22,没人,0.8428
17:15:22,没人,0.8590
17:15:22,没人,0.8608
17:15:22,没人,0.8621
17:15:22,没人,0.8540
17:15:22,没人,0.8544
17:15:22,没人,0.8608
17:15:22,没人,0.8677
17:15:22,没人,0.8752
17:15:22,没人,0.8766
17:15:23,没人,0.8925
17:15:23,没人,0.9017
17:15:23,没人,0.9069
17:15:23,没人,0.9098
17:15:23,没人,0.9191
17:15:23,没人,0.9217
17:15:23,没人,0.9219
17:15:23,没人,0.9208
17:15:23,没人,0.9184
17:15:23,没人,0.9253
17:15:23,没人,0.9263
17:15:23,没人,0.9262
17:15:23,没人,0.9258
17:15:23,没人,0.9276
17:15:23,没人,0.9219
17:15:23,没人,0.9308
17:15:23,没人,0.9307
17:15:23,没人,0.9333
17:15:23,没人,0.9447
17:15:23,没人,0.9529
17:15:23,没人,0.9829
17:15:23,没人,1.0061
17:15:23,没人,1.0058
17:15:23,没人,0.9987
17:15:23,没人,0.9960
17:15:23,没人,0.9881
17:15:23,没人,0.9891
17:15:23,没人,0.9907
17:15:23,没人,1.3756
17:15:23,没人,1.3749
17:15:23,没人,1.3740
17:15:23,没人,1.3740
17:15:23,没人,1.3778
17:15:23,没人,1.3780
17:15:23,没人,1.3799
17:15:23,没人,1.3681
17:15:23,没人,1.3701
17:15:23,没人,1.3621
17:15:23,没人,1.3529
17:15:23,没人,1.3373
17:15:23,没人,1.3358
17:15:23,没人,1.3595
17:15:23,没人,1.3667
17:15:23,没人,1.3673
17:15:23,没人,1.3642
17:15:23,没人,1.3506
17:15:23,没人,1.3416
17:15:23,没人,1.3235
17:15:23,没人,1.3062
17:15:23,没人,1.2921
17:15:24,没人,1.2910
17:15:24,没人,1.2946
17:15:24,没人,1.3134
17:15:24,没人,1.3346
17:15:24,没人,1.3571
17:15:24,没人,1.3593
17:15:24,没人,1.3563
17:15:24,没人,1.3624
17:15:24,没人,1.3802
17:15:24,没人,1.4005
17:15:24,没人,1.4124
17:15:24,没人,1.4220
17:15:24,没人,1.4247
17:15:24,没人,1.4321
17:15:24,没人,1.4362
17:15:24,没人,1.4503
17:15:24,没人,1.4610
17:15:24,没人,1.4619
17:15:24,没人,1.4555
17:15:24,没人,1.4521
17:15:24,没人,1.4417
17:15:24,没人,1.4372
17:15:24,没人,1.4376
17:15:24,没人,1.4320
17:15:24,没人,1.4311
17:15:24,没人,1.4316
17:15:24,没人,1.4269
17:15:24,没人,1.4117
17:15:24,没人,1.4006
17:15:24,没人,1.4085
17:15:24,没人,1.4345
17:15:24,没人,1.4474
17:15:24,没人,1.4566
17:15:24,没人,1.4585
17:15:24,没人,1.4611
17:15:24,没人,1.4591
17:15:24,没人,1.4746
17:15:24,没人,1.4716
17:15:24,没人,1.4718
17:15:24,没人,1.4579
17:15:24,没人,1.4476
17:15:24,没人,1.4329
17:15:24,没人,1.4322
17:15:24,没人,1.4308
17:15:24,没人,1.4331
17:15:24,没人,1.5479
17:15:24,没人,1.5490
17:15:24,有人,1.5463
17:15:24,有人,1.5410
17:15:24,有人,1.5357
17:15:24,有人,1.5254
17:15:25,有人,1.5170
17:15:25,有人,1.5105
17:15:25,有人,1.5127
17:15:25,有人,1.5103
17:15:25,有人,1.5106
17:15:25,有人,1.5103
17:15:25,有人,1.5105
17:15:25,有人,1.5124
17:15:25,有人,1.5209
17:15:25,有人,1.5239
17:15:25,有人,1.5278
17:15:25,有人,1.5327
17:15:25,有人,1.5595
17:15:25,有人,1.5774
17:15:25,有人,1.5849
17:15:25,有人,1.5805
17:15:25,有人,1.5707
17:15:25,有人,1.5536
17:15:25,有人,1.5342
17:15:25,有人,1.5009
17:15:25,有人,1.4751
17:15:25,有人,1.6232
17:15:25,有人,1.6487
17:15:25,有人,1.6919
17:15:25,有人,1.7314
17:15:25,有人,1.7537
17:15:25,有人,1.7801
17:15:25,有人,1.4265
17:15:25,有人,1.4275
17:15:25,有人,1.4412
17:15:25,有人,1.4565
17:15:25,有人,1.4802
17:15:25,有人,1.5068
17:15:25,有人,1.5258
17:15:25,有人,1.5467
17:15:25,有人,1.5693
17:15:25,有人,1.5673
17:15:25,有人,1.5604
17:15:25,有人,1.5508
17:15:25,有人,1.5372
17:15:25,有人,1.4965
17:15:25,有人,1.4716
17:15:25,有人,1.4540
17:15:25,有人,1.4234
17:15:25,有人,1.4045
17:15:25,有人,1.3904
17:15:25,有人,1.3832
17:15:25,有人,1.3855
17:15:25,有人,1.4136
17:15:25,有人,1.4602
17:15:25,有人,1.5028
17:15:26,有人,1.5267
17:15:26,有人,1.5852
17:15:26,有人,1.6156
17:15:26,有人,1.6434
17:15:26,有人,1.6698
17:15:26,有人,1.6860
17:15:26,有人,1.6957
17:15:26,有人,1.6910
17:15:26,有人,1.6938
17:15:26,有人,1.6897
17:15:26,有人,1.7307
17:15:26,有人,1.8502
17:15:26,有人,2.0414
17:15:26,有人,2.1644
17:15:26,有人,2.4233
17:15:26,有人,2.7875
17:15:26,有人,2.9354
17:15:26,有人,3.2246
17:15:26,有人,3.3804
17:15:26,有人,3.4321
17:15:26,有人,3.5098
17:15:26,有人,3.6193
17:15:26,有人,3.7692
17:15:26,有人,3.9472
17:15:26,有人,4.0548
17:15:26,有人,4.0795
17:15:26,有人,4.0898
17:15:26,有人,4.2798
17:15:26,有人,4.2559
17:15:26,有人,4.2501
17:15:26,有人,4.2607
17:15:26,有人,4.2538
17:15:26,有人,4.2476
17:15:26,有人,4.2437
17:15:26,有人,4.2962
17:15:26,有人,4.3511
17:15:26,有人,4.3390
17:15:26,有人,4.3657
17:15:26,有人,4.4492
17:15:26,有人,4.5863
17:15:26,有人,4.6988
17:15:26,有人,4.7459
17:15:26,有人,4.7740
17:15:26,有人,4.6801
17:15:26,有人,4.6785
17:15:26,有人,4.6798
17:15:26,有人,4.8066
17:15:26,有人,4.8101
17:15:26,有人,4.8353
17:15:26,有人,4.8521
17:15:26,有人,4.8582
17:15:26,有人,4.8599
17:15:26,有人,4.8530
17:15:27,有人,4.8428
17:15:27,有人,4.8440
17:15:27,有人,4.8509
17:15:27,有人,4.8609
17:15:27,有人,4.8641
17:15:27,有人,4.8669
17:15:27,有人,4.8714
17:15:27,有人,4.8671
17:15:27,有人,4.8507
17:15:27,有人,4.8637
17:15:27,有人,4.8627
17:15:27,有人,4.8580
17:15:27,有人,4.8754
17:15:27,有人,4.9145
17:15:27,有人,4.9373
17:15:27,有人,4.9364
17:15:27,有人,4.9095
17:15:27,有人,4.7773
17:15:27,有人,4.7399
17:15:27,有人,4.6863
17:15:27,有人,4.6367
17:15:27,有人,4.6102
17:15:27,有人,4.5782
17:15:27,有人,4.5784
17:15:27,有人,4.6013
17:15:27,有人,4.6131
17:15:27,有人,4.6225
17:15:27,有人,4.6227
17:15:27,有人,4.6072
17:15:27,有人,4.5958
17:15:27,有人,4.5859
17:15:27,有人,4.5783
17:15:27,有人,4.6085
17:15:27,有人,4.6564
17:15:27,有人,4.7140
17:15:27,有人,4.7613
17:15:27,有人,4.7985
17:15:27,有人,4.8285
17:15:27,有人,4.8428
17:15:27,有人,4.8752
17:15:27,有人,4.9112
17:15:27,有人,4.9353
17:15:27,有人,4.9739
17:15:27,有人,5.0053
17:15:27,有人,5.0228
17:15:27,有人,5.0381
17:15:27,有人,5.0278
17:15:27,有人,5.0286
17:15:27,有人,5.0010
17:15:27,有人,4.9896
17:15:28,有人,4.9963
17:15:28,有人,4.9929
17:15:28,有人,4.9988
17:15:28,有人,5.0005
17:15:28,有人,5.0202
17:15:28,有人,5.0203
17:15:28,有人,5.0341
17:15:28,有人,5.0043
17:15:28,有人,4.8855
17:15:28,有人,4.6829
17:15:28,有人,4.5379
17:15:28,有人,4.2434
17:15:28,有人,3.8258
17:15:28,有人,3.6454
17:15:28,有人,3.2925
17:15:28,有人,3.0846
17:15:28,有人,3.0364
17:15:28,有人,2.9998
17:15:28,有人,2.9552
17:15:28,有人,2.8635
17:15:28,有人,2.7120
17:15:28,有人,2.5714
17:15:28,有人,2.5087
17:15:28,有人,2.4794
17:15:28,有人,2.2038
17:15:28,有人,2.2227
17:15:28,有人,2.2595
17:15:28,有人,2.2866
17:15:28,有人,2.3542
17:15:28,有人,2.4427
17:15:28,有人,2.5024
17:15:28,有人,2.4471
17:15:28,有人,2.4088
17:15:28,有人,2.4332
17:15:28,有人,2.4242
17:15:28,有人,2.3923
17:15:28,有人,2.3283
17:15:28,有人,2.2857
17:15:28,有人,2.2640
17:15:28,有人,2.2684
17:15:28,有人,2.2740
17:15:28,有人,2.2941
17:15:28,有人,2.3054
17:15:28,有人,2.1938
17:15:28,有人,2.2316
17:15:28,有人,2.2643
17:15:28,有人,2.4461
17:15:28,有人,2.6284
17:15:28,有人,2.8157
17:15:28,有人,2.8592
17:15:28,有人,3.1160
17:15:28,有人,3.1412
17:15:28,有人,3.1913
17:15:28,有人,3.2043
17:15:29,有人,3.2149
17:15:29,有人,3.2322
17:15:29,有人,3.2575
17:15:29,有人,3.3113
17:15:29,有人,3.4077
17:15:29,有人,3.5253
17:15:29,有人,3.6871
17:15:29,有人,3.8887
17:15:29,有人,4.1540
17:15:29,有人,4.2792
17:15:29,有人,4.3915
17:15:29,有人,4.4907
17:15:29,有人,4.7502
17:15:29,有人,4.9831
17:15:29,有人,5.0567
17:15:29,有人,5.0518
17:15:29,有人,5.0361
17:15:29,有人,5.0284
17:15:29,有人,5.0488
17:15:29,有人,5.0690
17:15:29,有人,5.0933
17:15:29,有人,5.0967
17:15:29,有人,5.1165
17:15:29,有人,5.1406
17:15:29,有人,5.1464
17:15:29,有人,5.1514
17:15:29,有人,5.1824
17:15:29,有人,5.2285
17:15:29,有人,5.3244
17:15:29,有人,5.4208
17:15:29,有人,5.4445
17:15:29,有人,5.4932
17:15:29,有人,5.5904
17:15:29,有人,5.7713
17:15:29,有人,5.9395
17:15:29,有人,6.2199
17:15:29,有人,6.4952
17:15:29,有人,6.6392
17:15:29,有人,6.7496
17:15:29,有人,6.9241
17:15:29,有人,7.0652
17:15:29,有人,7.1874
17:15:29,有人,7.3268
17:15:29,有人,7.4585
17:15:29,有人,7.5489
17:15:29,有人,7.6292
17:15:29,有人,7.6099
17:15:29,有人,7.5882
17:15:29,有人,7.5476
17:15:29,有人,7.5178
17:15:29,有人,7.4811
17:15:30,有人,7.4490
17:15:30,有人,7.4162
17:15:30,有人,7.4175
17:15:30,有人,7.4269
17:15:30,有人,7.4245
17:15:30,有人,7.3987
17:15:30,有人,7.3739
17:15:30,有人,7.3664
17:15:30,有人,7.3586
17:15:30,有人,7.3410
17:15:30,有人,7.5549
17:15:30,有人,7.5496
17:15:30,有人,7.7604
17:15:30,有人,7.7557
17:15:30,有人,7.7267
17:15:30,有人,7.6952
17:15:30,有人,7.8907
17:15:30,有人,7.8843
17:15:30,有人,7.8750
17:15:30,有人,7.8633
17:15:30,有人,7.8803
17:15:30,有人,7.8833
17:15:30,有人,8.0322
17:15:30,有人,8.0202
17:15:30,有人,8.0008
17:15:30,有人,7.9801
17:15:30,有人,7.9625
17:15:30,有人,7.9588
17:15:30,有人,7.9555
17:15:30,有人,7.9716
17:15:30,有人,7.9885
17:15:30,有人,7.9902
17:15:30,有人,7.9915
17:15:30,有人,8.1128
17:15:30,有人,8.1137
17:15:30,有人,8.1174
17:15:30,有人,8.1332
17:15:30,有人,8.1614
17:15:30,有人,8.1800
17:15:30,有人,8.2033
17:15:30,有人,8.2333
17:15:30,有人,8.0896
17:15:30,有人,7.9371
17:15:30,有人,7.7731
17:15:30,有人,7.7834
17:15:30,有人,7.5569
17:15:30,有人,7.5978
17:15:30,有人,7.5972
17:15:30,有人,7.6194
17:15:30,有人,7.6304
17:15:30,有人,7.6338
17:15:30,有人,7.6354
17:15:30,有人,7.6165
17:15:30,有人,7.5648
17:15:30,有人,7.4510
17:15:31,有人,7.2606
17:15:31,有人,7.0655
17:15:31,有人,6.7865
17:15:31,有人,6.6381
17:15:31,有人,6.5535
17:15:31,有人,6.4905
17:15:31,有人,6.1996
17:15:31,有人,5.8957
17:15:31,有人,5.7850
17:15:31,有人,5.8249
17:15:31,有人,5.9174
17:15:31,有人,5.9722
17:15:31,有人,5.9186
17:15:31,有人,5.8564
17:15:31,有人,5.7908
17:15:31,有人,5.7840
17:15:31,有人,5.8258
17:15:31,有人,5.8773
17:15:31,有人,5.9229
17:15:31,有人,5.9383
17:15:31,有人,5.9146
17:15:31,有人,5.8738
17:15:31,有人,5.7856
17:15:31,有人,5.6873
17:15:31,有人,5.6317
17:15:31,有人,5.5374
17:15:31,有人,5.3980
17:15:31,有人,5.1760
17:15:31,有人,4.9980
17:15:31,有人,4.7522
17:15:31,有人,4.5155
17:15:31,有人,4.4238
17:15:31,有人,4.3423
17:15:31,有人,4.1936
17:15:31,有人,4.0351
17:15:31,有人,3.8610
17:15:31,有人,3.6749
17:15:31,有人,3.4841
17:15:31,有人,3.3182
17:15:31,有人,3.1575
17:15:31,有人,3.0972
17:15:31,有人,3.0521
17:15:31,有人,3.0216
17:15:31,有人,2.9960
17:15:31,有人,2.9827
17:15:31,有人,2.9791
17:15:31,有人,2.9750
17:15:31,有人,2.9406
17:15:31,有人,2.8962
17:15:31,有人,2.8788
17:15:32,有人,2.9051
17:15:32,有人,2.9385
17:15:32,有人,2.9820
17:15:32,有人,3.0043
17:15:32,有人,3.0258
17:15:32,有人,2.7568
17:15:32,有人,2.7363
17:15:32,有人,2.4472
17:15:32,有人,2.4294
17:15:32,有人,2.4199
17:15:32,有人,2.4030
17:15:32,有人,2.1437
17:15:32,有人,2.1440
17:15:32,有人,2.1342
17:15:32,有人,2.1141
17:15:32,有人,2.0517
17:15:32,有人,1.9964
17:15:32,有人,1.7700
17:15:32,有人,1.7237
17:15:32,有人,1.6618
17:15:32,有人,1.6294
17:15:32,有人,1.5913
17:15:32,有人,1.5540
17:15:32,有人,1.5151
17:15:32,有人,1.4838
17:15:32,有人,1.4517
17:15:32,有人,1.4336
17:15:32,有人,1.4149
17:15:32,有人,1.2122
17:15:32,有人,1.1865
17:15:32,有人,1.1752
17:15:32,没人,1.1750
17:15:32,没人,1.1805
17:15:32,没人,1.1823
17:15:32,没人,1.1774
17:15:32,没人,1.1735
17:15:32,没人,1.1715
17:15:32,没人,1.1528
17:15:32,没人,1.1116
17:15:32,没人,1.0874
17:15:32,没人,1.0856
17:15:32,没人,1.1354
17:15:32,没人,1.1864
17:15:32,没人,1.2360
17:15:32,没人,1.2804
17:15:32,没人,1.3057
17:15:32,没人,1.3256
17:15:32,没人,1.3450
17:15:32,没人,1.3793
17:15:33,没人,1.4190
17:15:33,没人,1.4573
17:15:33,没人,1.4797
17:15:33,没人,1.5008
17:15:33,没人,1.5259
17:15:33,有人,1.5382
17:15:33,有人,1.5472
17:15:33,有人,1.5577
17:15:33,有人,1.5577
17:15:33,有人,1.5657
17:15:33,有人,1.5611
17:15:33,有人,1.5378
17:15:33,有人,1.5148
17:15:33,有人,1.5177
17:15:33,有人,1.5234
17:15:33,有人,1.5294
17:15:33,有人,1.5332
17:15:33,有人,1.5345
17:15:33,有人,1.5265
17:15:33,有人,1.5213
17:15:33,有人,1.5235
17:15:33,有人,1.5284
17:15:33,有人,1.5261
17:15:33,有人,1.5298
17:15:33,有人,1.5281
17:15:33,有人,1.5290
17:15:33,有人,1.5287
17:15:33,有人,1.5324
17:15:33,有人,1.5250
17:15:33,有人,1.5120
17:15:33,有人,1.5005
17:15:33,有人,1.4869
17:15:33,有人,1.4558
17:15:33,有人,1.4248
17:15:33,有人,1.3804
17:15:33,有人,1.3707
17:15:33,有人,1.3695
17:15:33,有人,1.3676
17:15:33,有人,1.3579
17:15:33,有人,1.3539
17:15:33,有人,1.3518
17:15:33,有人,1.3486
17:15:33,有人,1.3539
17:15:33,有人,1.3527
17:15:33,有人,1.3565
17:15:33,有人,1.3541
17:15:33,有人,1.3471
17:15:33,有人,1.3379
17:15:33,有人,1.3217
17:15:34,有人,1.2989
17:15:34,有人,1.2607
17:15:34,有人,1.2035
17:15:34,有人,1.1359
17:15:34,有人,1.0624
17:15:34,没人,0.9982
17:15:34,没人,0.9396
17:15:34,没人,0.9065
17:15:34,没人,0.8940
17:15:34,没人,0.8833
17:15:34,没人,0.8833
17:15:34,没人,0.8913
17:15:34,没人,0.8963
17:15:34,没人,0.8941
17:15:34,没人,0.8946
17:15:34,没人,0.8961
17:15:34,没人,0.8953
17:15:34,没人,0.8870
17:15:34,没人,0.8767
17:15:34,没人,0.8658
17:15:34,没人,0.8524
17:15:34,没人,0.8388
17:15:34,没人,0.8234
17:15:34,没人,0.8157
17:15:34,没人,0.8120
17:15:34,没人,0.8059
17:15:34,没人,0.7954
17:15:34,没人,0.7862
17:15:34,没人,0.7626
17:15:34,没人,0.7507
17:15:34,没人,0.7457
17:15:34,没人,0.7410
17:15:34,没人,0.7405
17:15:34,没人,0.7321
17:15:34,没人,0.7238
17:15:34,没人,0.7127
17:15:34,没人,0.7038
17:15:34,没人,0.7088
17:15:34,没人,0.7114
17:15:34,没人,0.7030
17:15:34,没人,0.7048
17:15:34,没人,0.7102
17:15:34,没人,0.7096
17:15:34,没人,0.6962
17:15:34,没人,0.6838
17:15:34,没人,0.6692
17:15:34,没人,0.6527
17:15:34,没人,0.6534
17:15:34,没人,0.6479
17:15:34,没人,0.6434
17:15:35,没人,0.7059
17:15:35,没人,0.6880
17:15:35,没人,0.6716
17:15:35,没人,0.6629
17:15:35,没人,0.6544
17:15:35,没人,0.6381
17:15:35,没人,0.6214
17:15:35,没人,0.6109
17:15:35,没人,0.6022
17:15:35,没人,0.6005
17:15:35,没人,0.5966
17:15:35,没人,0.5912
17:15:35,没人,0.5874
17:15:35,没人,0.5829
17:15:35,没人,0.5706
17:15:35,没人,0.5669
17:15:35,没人,0.5617
17:15:35,没人,0.5548
17:15:35,没人,0.6239
17:15:35,没人,0.6217
17:15:35,没人,0.6137
17:15:35,没人,0.6092
17:15:35,没人,0.6014
17:15:35,没人,0.6026
17:15:35,没人,0.5984
17:15:35,没人,0.5928
17:15:35,没人,0.5912
17:15:35,没人,0.5891
17:15:35,没人,0.5816
17:15:35,没人,0.5765
17:15:35,没人,0.5716
17:15:35,没人,0.5643
17:15:35,没人,0.5558
17:15:35,没人,0.5538
17:15:35,没人,0.5470
17:15:35,没人,0.5438
17:15:35,没人,0.5372
17:15:35,没人,0.5312
17:15:35,没人,0.5227
17:15:35,没人,0.5205
17:15:35,没人,0.5162
17:15:35,没人,0.5102
17:15:35,没人,0.5108
17:15:35,没人,0.5060
17:15:35,没人,0.5063
17:15:35,没人,0.5038
17:15:35,没人,0.5072
17:15:35,没人,0.5057
17:15:35,没人,0.5053
17:15:35,没人,0.5065
17:15:35,没人,0.5088
17:15:35,没人,0.5104
17:15:36,没人,0.5102
17:15:36,没人,0.5145
17:15:36,没人,0.5130
17:15:36,没人,0.5104
17:15:36,没人,0.5113
17:15:36,没人,0.5147
17:15:36,没人,0.5150
17:15:36,没人,0.5201
17:15:36,没人,0.5199
17:15:36,没人,0.5174
17:15:36,没人,0.5207
17:15:36,没人,0.5230
17:15:36,没人,0.5257
17:15:36,没人,0.5279
17:15:36,没人,0.5316
17:15:36,没人,0.5401
17:15:36,没人,0.5446
17:15:36,没人,0.5449
17:15:36,没人,0.5453
17:15:36,没人,0.5441
17:15:36,没人,0.5456
17:15:36,没人,0.5470
17:15:36,没人,0.5515
17:15:36,没人,0.5566
17:15:36,没人,0.5577
17:15:36,没人,0.5587
17:15:36,没人,0.5611
17:15:36,没人,0.5559
17:15:36,没人,0.5588
17:15:36,没人,0.5560
17:15:36,没人,0.5580
17:15:36,没人,0.5596
17:15:36,没人,0.5691
17:15:36,没人,0.5707
17:15:36,没人,0.5675
17:15:36,没人,0.5665
17:15:36,没人,0.5690
17:15:36,没人,0.5700
17:15:36,没人,0.5713
17:15:36,没人,0.5688
17:15:36,没人,0.5763
17:15:36,没人,0.5745
17:15:36,没人,0.5785
17:15:36,没人,0.5779
17:15:36,没人,0.5781
17:15:36,没人,0.5711
17:15:36,没人,0.5689
17:15:37,没人,0.5673
17:15:37,没人,0.4851
17:15:37,没人,0.4827
17:15:37,没人,0.4788
17:15:37,没人,0.4763
17:15:37,没人,0.4767
17:15:37,没人,0.4736
17:15:37,没人,0.4753
17:15:37,没人,0.4764
17:15:37,没人,0.4797
17:15:37,没人,0.4829
17:15:37,没人,0.4895
17:15:37,没人,0.5026
17:15:37,没人,0.5094
17:15:37,没人,0.5173
17:15:37,没人,0.5321
17:15:37,没人,0.5427
17:15:37,没人,0.5490
17:15:37,没人,0.5507
17:15:37,没人,0.4865
17:15:37,没人,0.4893
17:15:37,没人,0.4944
17:15:37,没人,0.4996
17:15:37,没人,0.5022
17:15:37,没人,0.4999
17:15:37,没人,0.5017
17:15:37,没人,0.5019
17:15:37,没人,0.5041
17:15:37,没人,0.5044
17:15:37,没人,0.5085
17:15:37,没人,0.5105
17:15:37,没人,0.5125
17:15:37,没人,0.5128
17:15:37,没人,0.5150
17:15:37,没人,0.5138
17:15:37,没人,0.5128
17:15:37,没人,0.5134
17:15:37,没人,0.5129
17:15:37,没人,0.5121
17:15:37,没人,0.5154
17:15:37,没人,0.5214
17:15:37,没人,0.5281
17:15:37,没人,0.5303
17:15:37,没人,0.5296
17:15:37,没人,0.5306
17:15:37,没人,0.5286
17:15:37,没人,0.5320
17:15:37,没人,0.5335
17:15:37,没人,0.5388
17:15:37,没人,0.5387
17:15:38,没人,0.5458
17:15:38,没人,0.5460
17:15:38,没人,0.5447
17:15:38,没人,0.5489
17:15:38,没人,0.5475
17:15:38,没人,0.5461
17:15:38,没人,0.5473
17:15:38,没人,0.5471
17:15:38,没人,0.5436
17:15:38,没人,0.5503
17:15:38,没人,0.5481
17:15:38,没人,0.5510
17:15:38,没人,0.5509
17:15:38,没人,0.5520
17:15:38,没人,0.5573
17:15:38,没人,0.5624
17:15:38,没人,0.5667
17:15:38,没人,0.5667
17:15:38,没人,0.5697
17:15:38,没人,0.5745
17:15:38,没人,0.5775
17:15:38,没人,0.5927
17:15:38,没人,0.6032
17:15:38,没人,0.6093
17:15:38,没人,0.6108
17:15:38,没人,0.6154
17:15:38,没人,0.6226
17:15:38,没人,0.6278
17:15:38,没人,0.6330
17:15:38,没人,0.6397
17:15:38,没人,0.6512
17:15:38,没人,0.6594
17:15:38,没人,0.6682
17:15:38,没人,0.6763
17:15:38,没人,0.6800
17:15:38,没人,0.6818
17:15:38,没人,0.6918
17:15:38,没人,0.6983
17:15:38,没人,0.7042
17:15:38,没人,0.7062
17:15:38,没人,0.7121
17:15:38,没人,0.7166
17:15:38,没人,0.7210
17:15:38,没人,0.7190
17:15:38,没人,0.7199
17:15:38,没人,0.7138
17:15:38,没人,0.7212
17:15:38,没人,0.7287
17:15:38,没人,0.7335
17:15:39,没人,0.7400
17:15:39,没人,0.7478
17:15:39,没人,0.7552
17:15:39,没人,0.7647
17:15:39,没人,0.7666
17:15:39,没人,0.7791
17:15:39,没人,0.7810
17:15:39,没人,0.7896
17:15:39,没人,0.7895
17:15:39,没人,0.7922
17:15:39,没人,0.7854
17:15:39,没人,0.7799
17:15:39,没人,0.7725
17:15:39,没人,0.7598
17:15:39,没人,0.7486
17:15:39,没人,0.7356
17:15:39,没人,0.7181
17:15:39,没人,0.7017
17:15:39,没人,0.6870
17:15:39,没人,0.6800
17:15:39,没人,0.6588
17:15:39,没人,0.6520
17:15:39,没人,0.6414
17:15:39,没人,0.6395
17:15:39,没人,0.6381
17:15:39,没人,0.6389
17:15:39,没人,0.6422
17:15:39,没人,0.6499
17:15:39,没人,0.6479
17:15:39,没人,0.6466
17:15:39,没人,0.6446
17:15:39,没人,0.6443
17:15:39,没人,0.6370
17:15:39,没人,0.6322
17:15:39,没人,0.6266
17:15:39,没人,0.6192
17:15:39,没人,0.6163
17:15:39,没人,0.6136
17:15:39,没人,0.6159
17:15:39,没人,0.6124
17:15:39,没人,0.6131
17:15:39,没人,0.6088
17:15:39,没人,0.6006
17:15:39,没人,0.6018
17:15:39,没人,0.6050
17:15:39,没人,0.6048
17:15:39,没人,0.6047
17:15:39,没人,0.6020
17:15:39,没人,0.5976
17:15:40,没人,0.5987
17:15:40,没人,0.6020
17:15:40,没人,0.6007
17:15:40,没人,0.6049
17:15:40,没人,0.6056
17:15:40,没人,0.6050
17:15:40,没人,0.6043
17:15:40,没人,0.6050
17:15:40,没人,0.6097
17:15:40,没人,0.6103
17:15:40,没人,0.6115
17:15:40,没人,0.6062
17:15:40,没人,0.6080
17:15:40,没人,0.6105
17:15:40,没人,0.6137
17:15:40,没人,0.6200
17:15:40,没人,0.6258
17:15:40,没人,0.6300
17:15:40,没人,0.6320
17:15:40,没人,0.6414
17:15:40,没人,0.6390
17:15:40,没人,0.6412
17:15:40,没人,0.6444
17:15:40,没人,0.6366
17:15:40,没人,0.6335
17:15:40,没人,0.6342
17:15:40,没人,0.6327
17:15:40,没人,0.6286
17:15:40,没人,0.6190
17:15:40,没人,0.6167
17:15:40,没人,0.6122
17:15:40,没人,0.6085
17:15:40,没人,0.6070
17:15:40,没人,0.6067
17:15:40,没人,0.6110
17:15:40,没人,0.6113
17:15:40,没人,0.6242
17:15:40,没人,0.6290
17:15:40,没人,0.6384
17:15:40,没人,0.6519
17:15:40,没人,0.6593
17:15:40,没人,0.6676
17:15:40,没人,0.6712
17:15:40,没人,0.6737
17:15:40,没人,0.6740
17:15:40,没人,0.6739
17:15:40,没人,0.6730
17:15:40,没人,0.6724
17:15:40,没人,0.6660
17:15:40,没人,0.6582
17:15:40,没人,0.6527
17:15:41,没人,0.6432
17:15:41,没人,0.6334
17:15:41,没人,0.6244
17:15:41,没人,0.6138
17:15:41,没人,0.6083
17:15:41,没人,0.5911
17:15:41,没人,0.5804
17:15:41,没人,0.5638
17:15:41,没人,0.5534
17:15:41,没人,0.5430
17:15:41,没人,0.5413
17:15:41,没人,0.5387
17:15:41,没人,0.5365
17:15:41,没人,0.5326
17:15:41,没人,0.5310
17:15:41,没人,0.5256
17:15:41,没人,0.5234
17:15:41,没人,0.5240
17:15:41,没人,0.5210
17:15:41,没人,0.5213
17:15:41,没人,0.5217
17:15:41,没人,0.5202
17:15:41,没人,0.5215
17:15:41,没人,0.5164
17:15:41,没人,0.5111
17:15:41,没人,0.5081
17:15:41,没人,0.5111
17:15:41,没人,0.5029
17:15:41,没人,0.5039
17:15:41,没人,0.5044
17:15:41,没人,0.5117
17:15:41,没人,0.5184
17:15:41,没人,0.5331
17:15:41,没人,0.5393
17:15:41,没人,0.5446
17:15:41,没人,0.5514
17:15:41,没人,0.5590
17:15:41,没人,0.5658
17:15:41,没人,0.5704
17:15:41,没人,0.5771
17:15:41,没人,0.5841
17:15:41,没人,0.5864
17:15:41,没人,0.5881
17:15:41,没人,0.5866
17:15:41,没人,0.5832
17:15:41,没人,0.5809
17:15:41,没人,0.5786
17:15:41,没人,0.5794
17:15:41,没人,0.5848
17:15:41,没人,0.5916
17:15:42,没人,0.5965
17:15:42,没人,0.5974
17:15:42,没人,0.5995
17:15:42,没人,0.6056
17:15:42,没人,0.6132
17:15:42,没人,0.6201
17:15:42,没人,0.6261
17:15:42,没人,0.6253
17:15:42,没人,0.6261
17:15:42,没人,0.6260
17:15:42,没人,0.6275
17:15:42,没人,0.6316
17:15:42,没人,0.6299
17:15:42,没人,0.6285
17:15:42,没人,0.6263
17:15:42,没人,0.6207
17:15:42,没人,0.6183
17:15:42,没人,0.6190
17:15:42,没人,0.6149
17:15:42,没人,0.6221
17:15:42,没人,0.6252
17:15:42,没人,0.6325
17:15:42,没人,0.6383
17:15:42,没人,0.6385
17:15:42,没人,0.6392
17:15:42,没人,0.6405
17:15:42,没人,0.6426
17:15:42,没人,0.6417
17:15:42,没人,0.6444
17:15:42,没人,0.6467
17:15:42,没人,0.6483
17:15:42,没人,0.6544
17:15:42,没人,0.6560
17:15:42,没人,0.6631
17:15:42,没人,0.6686
17:15:42,没人,0.6601
17:15:42,没人,0.6530
17:15:42,没人,0.6431
17:15:42,没人,0.9426
17:15:42,没人,0.9328
17:15:42,没人,1.3170
17:15:42,没人,1.6372
17:15:42,没人,1.6311
17:15:42,有人,1.6307
17:15:42,有人,1.6343
17:15:42,有人,1.6312
17:15:42,有人,1.6306
17:15:42,有人,1.9286
17:15:42,有人,1.9314
17:15:42,有人,1.9370
17:15:42,有人,1.9392
17:15:42,有人,1.9397
17:15:42,有人,1.9386
17:15:43,有人,1.9355
17:15:43,有人,1.9357
17:15:43,有人,1.9354
17:15:43,有人,1.9406
17:15:43,有人,1.9416
17:15:43,有人,1.9417
17:15:43,有人,1.9404
17:15:43,有人,1.9399
17:15:43,有人,1.9326
17:15:43,有人,1.9233
17:15:43,有人,1.9234
17:15:43,有人,1.9224
17:15:43,有人,1.9215
17:15:43,有人,1.9171
17:15:43,有人,1.9129
17:15:43,有人,1.9160
17:15:43,有人,1.9134
17:15:43,有人,1.9130
17:15:43,有人,1.9077
17:15:43,有人,1.9004
17:15:43,有人,2.2066
17:15:43,有人,2.2050
17:15:43,有人,2.2152
17:15:43,有人,2.2072
17:15:43,有人,2.2114
17:15:43,有人,2.2099
17:15:43,有人,2.2089
17:15:43,有人,2.1978
17:15:43,有人,2.1888
17:15:43,有人,2.1742
17:15:43,有人,2.1661
17:15:43,有人,2.1580
17:15:43,有人,2.1496
17:15:43,有人,2.1382
17:15:43,有人,2.1266
17:15:43,有人,2.1185
17:15:43,有人,2.1082
17:15:43,有人,2.3581
17:15:43,有人,2.3492
17:15:43,有人,2.3469
17:15:43,有人,2.3478
17:15:43,有人,2.3441
17:15:43,有人,2.5955
17:15:43,有人,2.5943
17:15:43,有人,2.5882
17:15:43,有人,2.5794
17:15:43,有人,2.5744
17:15:43,有人,2.5644
17:15:43,有人,2.5681
17:15:43,有人,2.5648
17:15:43,有人,2.5727
17:15:44,有人,2.5675
17:15:44,有人,2.5616
17:15:44,有人,2.5652
17:15:44,有人,2.5650
17:15:44,有人,2.5669
17:15:44,有人,2.5648
17:15:44,有人,2.5616
17:15:44,有人,2.5541
17:15:44,有人,2.5532
17:15:44,有人,2.5569
17:15:44,有人,2.5494
17:15:44,有人,2.5518
17:15:44,有人,2.5549
17:15:44,有人,2.5506
17:15:44,有人,2.5512
17:15:44,有人,2.5428
17:15:44,有人,2.5409
17:15:44,有人,2.5434
17:15:44,有人,2.5490
17:15:44,有人,2.5497
17:15:44,有人,2.5510
17:15:44,有人,2.5548
17:15:44,有人,2.5533
17:15:44,有人,2.5545
17:15:44,有人,2.5520
17:15:44,有人,2.5492
17:15:44,有人,2.5524
17:15:44,有人,2.5451
17:15:44,有人,2.5416
17:15:44,有人,2.5290
17:15:44,有人,2.5282
17:15:44,有人,2.5247
17:15:44,有人,2.7457
17:15:44,有人,2.7597
17:15:44,有人,2.4942
17:15:44,有人,2.5141
17:15:44,有人,2.1383
17:15:44,有人,1.8330
17:15:44,有人,1.8372
17:15:44,有人,1.8381
17:15:44,有人,1.8324
17:15:44,有人,1.8305
17:15:44,有人,1.8308
17:15:44,有人,1.5599
17:15:44,有人,1.5596
17:15:44,有人,1.5597
17:15:44,有人,1.5635
17:15:44,有人,1.5631
17:15:44,有人,1.5688
17:15:44,有人,1.5748
17:15:44,有人,1.5749
17:15:45,有人,1.5902
17:15:45,有人,1.5959
17:15:45,有人,1.6023
17:15:45,有人,1.6091
17:15:45,有人,1.6268
17:15:45,有人,1.6438
17:15:45,有人,1.6649
17:15:45,有人,1.6741
17:15:45,有人,1.6823
17:15:45,有人,1.7046
17:15:45,有人,1.7187
17:15:45,有人,1.7305
17:15:45,有人,1.7389
17:15:45,有人,1.7479
17:15:45,有人,1.7536
17:15:45,有人,1.7522
17:15:45,有人,1.7528
17:15:45,有人,1.7542
17:15:45,有人,1.4552
17:15:45,有人,1.4591
17:15:45,有人,1.4487
17:15:45,有人,1.4492
17:15:45,有人,1.4485
17:15:45,有人,1.4470
17:15:45,有人,1.4494
17:15:45,有人,1.4572
17:15:45,有人,1.4592
17:15:45,有人,1.4637
17:15:45,有人,1.4732
17:15:45,有人,1.4780
17:15:45,有人,1.4839
17:15:45,有人,1.4898
17:15:45,有人,1.4961
17:15:45,有人,1.4993
17:15:45,有人,1.4988
17:15:45,有人,1.2477
17:15:45,有人,1.2512
17:15:45,有人,1.2545
17:15:45,有人,1.2613
17:15:45,有人,1.2777
17:15:45,有人,1.0243
17:15:45,有人,1.0305
17:15:45,没人,1.0382
17:15:45,没人,1.0451
17:15:45,没人,1.0544
17:15:45,没人,1.0608
17:15:45,没人,1.0738
17:15:45,没人,1.0991
17:15:45,没人,1.1006
17:15:45,没人,1.1092
17:15:46,没人,1.1248
17:15:46,没人,1.1318
17:15:46,没人,1.1482
17:15:46,没人,1.1716
17:15:46,没人,1.5345
17:15:46,没人,1.5461
17:15:46,有人,1.5606
17:15:46,有人,1.5895
17:15:46,有人,1.6005
17:15:46,有人,1.6044
17:15:46,有人,1.6100
17:15:46,有人,1.6178
17:15:46,有人,1.6261
17:15:46,有人,1.6428
17:15:46,有人,1.6550
17:15:46,有人,1.6661
17:15:46,有人,1.6731
17:15:46,有人,1.6909
17:15:46,有人,1.7055
17:15:46,有人,1.7098
17:15:46,有人,1.7169
17:15:46,有人,1.7226
17:15:46,有人,1.7296
17:15:46,有人,1.7468
17:15:46,有人,1.7545
17:15:46,有人,1.7637
17:15:46,有人,1.7822
17:15:46,有人,1.7932
17:15:46,有人,1.8044
17:15:46,有人,1.7970
17:15:46,有人,1.7923
17:15:46,有人,1.5468
17:15:46,有人,1.5301
17:15:46,有人,1.5007
17:15:46,有人,1.4780
17:15:46,有人,1.4608
17:15:46,有人,1.4424
17:15:46,有人,1.4280
17:15:46,有人,1.4167
17:15:46,有人,1.4121
17:15:46,有人,1.4167
17:15:46,有人,1.4182
17:15:46,有人,1.4116
17:15:46,有人,1.4001
17:15:46,有人,1.3824
17:15:46,有人,1.3651
17:15:46,有人,1.3616
17:15:46,有人,1.3461
17:15:46,有人,1.3496
17:15:46,有人,1.3572
17:15:46,有人,1.3484
17:15:47,有人,1.3415
17:15:47,有人,1.3513
17:15:47,有人,1.3482
17:15:47,有人,1.3356
17:15:47,有人,1.3383
17:15:47,有人,1.3386
17:15:47,有人,1.3461
17:15:47,有人,1.3471
17:15:47,有人,1.3388
17:15:47,有人,1.3405
17:15:47,有人,1.3353
17:15:47,有人,1.3417
17:15:47,有人,1.3439
17:15:47,有人,1.3515
17:15:47,有人,1.3509
17:15:47,有人,1.3511
17:15:47,有人,1.3507
17:15:47,有人,1.3402
17:15:47,有人,1.3435
17:15:47,有人,1.3477
17:15:47,有人,1.3406
17:15:47,有人,1.3381
17:15:47,有人,1.3316
17:15:47,有人,1.3142
17:15:47,有人,1.2965
17:15:47,有人,1.2804
17:15:47,有人,1.2431
17:15:47,有人,1.2187
17:15:47,有人,1.1875
17:15:47,有人,1.1579
17:15:47,没人,1.1266
17:15:47,没人,1.0871
17:15:47,没人,1.0607
17:15:47,没人,1.0521
17:15:47,没人,1.0440
17:15:47,没人,1.0239
17:15:47,没人,1.0121
17:15:47,没人,0.9934
17:15:47,没人,0.9700
17:15:47,没人,0.9602
17:15:47,没人,0.9605
17:15:47,没人,0.9390
17:15:47,没人,0.9413
17:15:47,没人,0.9194
17:15:47,没人,0.9078
17:15:47,没人,0.9005
17:15:47,没人,0.8966
17:15:47,没人,0.8835
17:15:47,没人,0.8816
17:15:47,没人,0.8787
17:15:48,没人,0.8952
17:15:48,没人,0.8995
17:15:48,没人,0.9204
17:15:48,没人,0.5245
17:15:48,没人,0.5258
17:15:48,没人,0.5238
17:15:48,没人,0.5202
17:15:48,没人,0.9208
17:15:48,没人,0.9221
17:15:48,没人,0.9296
17:15:48,没人,0.9325
17:15:48,没人,0.9340
17:15:48,没人,0.9336
17:15:48,没人,0.9228
17:15:48,没人,0.9211
17:15:48,没人,0.9285
17:15:48,没人,0.9312
17:15:48,没人,0.9308
17:15:48,没人,0.9298
17:15:48,没人,0.9337
17:15:48,没人,0.9349
17:15:48,没人,0.9357
17:15:48,没人,0.9378
17:15:48,没人,0.9351
17:15:48,没人,0.9332
17:15:48,没人,0.9379
17:15:48,没人,0.9292
17:15:48,没人,0.9320
17:15:48,没人,0.9298
17:15:48,没人,0.9309
17:15:48,没人,0.9318
17:15:48,没人,0.9283
17:15:48,没人,0.9332
17:15:48,没人,0.9274
17:15:48,没人,0.9326
17:15:48,没人,0.9230
17:15:48,没人,0.9235
17:15:48,没人,0.9323
17:15:48,没人,0.9440
17:15:48,没人,0.9488
17:15:48,没人,0.9545
17:15:48,没人,0.9577
17:15:48,没人,0.9592
17:15:48,没人,0.9764
17:15:48,没人,0.9849
17:15:48,没人,0.9713
17:15:48,没人,0.9755
17:15:48,没人,0.9750
17:15:48,没人,0.9807
17:15:48,没人,0.9836
17:15:49,没人,0.9928
17:15:49,没人,1.0032
17:15:49,没人,1.0080
17:15:49,没人,1.0132
17:15:49,没人,1.0357
17:15:49,没人,1.0727
17:15:49,没人,1.0931
17:15:49,没人,1.1142
17:15:49,没人,1.1419
17:15:49,没人,1.1694
17:15:49,没人,1.2130
17:15:49,没人,1.2497
17:15:49,没人,1.2912
17:15:49,没人,1.3241
17:15:49,没人,1.3740
17:15:49,没人,1.4466
17:15:49,没人,1.5022
17:15:49,没人,1.5654
17:15:49,有人,1.6166
17:15:49,有人,1.6698
17:15:49,有人,1.7164
17:15:49,有人,1.7455
17:15:49,有人,1.7719
17:15:49,有人,1.7843
17:15:49,有人,1.8032
17:15:49,有人,1.8211
17:15:49,有人,1.8336
17:15:49,有人,1.8315
17:15:49,有人,1.8359
17:15:49,有人,1.8282
17:15:49,有人,1.8264
17:15:49,有人,1.8301
17:15:49,有人,1.8229
17:15:49,有人,1.8071
17:15:49,有人,1.7936
17:15:49,有人,1.7894
17:15:49,有人,1.7815
17:15:49,有人,1.7799
17:15:49,有人,1.7648
17:15:49,有人,1.7500
17:15:49,有人,2.0991
17:15:49,有人,2.0997
17:15:49,有人,2.0904
17:15:49,有人,2.0876
17:15:49,有人,2.0744
17:15:49,有人,2.0514
17:15:49,有人,2.0235
17:15:49,有人,2.0127
17:15:49,有人,1.9993
17:15:49,有人,1.9865
17:15:49,有人,1.9632
17:15:50,有人,1.9416
17:15:50,有人,1.9228
17:15:50,有人,1.9139
17:15:50,有人,1.9196
17:15:50,有人,1.9047
17:15:50,有人,1.9027
17:15:50,有人,1.5742
17:15:50,有人,1.5661
17:15:50,有人,1.5585
17:15:50,有人,1.5569
17:15:50,有人,1.5555
17:15:50,有人,1.5652
17:15:50,有人,1.5548
17:15:50,有人,1.5558
17:15:50,有人,1.5435
17:15:50,有人,1.5275
17:15:50,有人,1.5141
17:15:50,有人,1.5044
17:15:50,有人,1.4763
17:15:50,有人,1.4645
17:15:50,有人,1.4471
17:15:50,有人,1.4445
17:15:50,有人,1.4253
17:15:50,有人,1.4067
17:15:50,有人,1.3836
17:15:50,有人,1.3759
17:15:50,有人,1.3663
17:15:50,有人,1.6550
17:15:50,有人,1.6378
17:15:50,有人,1.6355
17:15:50,有人,1.6266
17:15:50,有人,1.6130
17:15:50,有人,1.6055
17:15:50,有人,1.6038
17:15:50,有人,1.5999
17:15:50,有人,1.5888
17:15:50,有人,1.5700
17:15:50,有人,1.5642
17:15:50,有人,1.5525
17:15:50,有人,1.5446
17:15:50,有人,1.5320
17:15:50,有人,1.5143
17:15:50,有人,1.5099
17:15:50,有人,1.5035
17:15:50,有人,1.4998
17:15:50,有人,1.4937
17:15:50,有人,1.4822
17:15:50,有人,1.4723
17:15:50,有人,1.4702
17:15:50,有人,1.4608
17:15:50,有人,1.4568
17:15:51,有人,1.4515
17:15:51,有人,1.4449
17:15:51,有人,1.4459
17:15:51,有人,1.4348
17:15:51,有人,1.4286
17:15:51,有人,1.4242
17:15:51,有人,1.4288
17:15:51,有人,1.4310
17:15:51,有人,1.4313
17:15:51,有人,1.4375
17:15:51,有人,1.4389
17:15:51,有人,1.4389
17:15:51,有人,1.4353
17:15:51,有人,1.4120
17:15:51,有人,1.4052
17:15:51,有人,1.3935
17:15:51,有人,1.3800
17:15:51,有人,1.3614
17:15:51,有人,1.3501
17:15:51,有人,1.3481
17:15:51,有人,1.3405
17:15:51,有人,1.3392
17:15:51,有人,1.3371
17:15:51,有人,1.3285
17:15:51,有人,1.3201
17:15:51,有人,1.3205
17:15:51,有人,1.3191
17:15:51,有人,1.3134
17:15:51,有人,1.3182
17:15:51,有人,1.3238
17:15:51,有人,1.3279
17:15:51,有人,1.3361
17:15:51,有人,1.3460
17:15:51,有人,1.3603
17:15:51,有人,1.6715
17:15:51,有人,1.6853
17:15:51,有人,1.7039
17:15:51,有人,2.0342
17:15:51,有人,2.0135
17:15:51,有人,2.3345
17:15:51,有人,2.3569
17:15:51,有人,2.6327
17:15:51,有人,2.8564
17:15:51,有人,2.8739
17:15:51,有人,2.8914
17:15:51,有人,2.9113
17:15:51,有人,2.9182
17:15:51,有人,2.9269
17:15:51,有人,2.9265
17:15:51,有人,2.9484
17:15:51,有人,2.9589
17:15:51,有人,2.9637
17:15:51,有人,2.9872
17:15:51,有人,3.0095
17:15:51,有人,3.0255
17:15:51,有人,3.0432
17:15:52,有人,3.0650
17:15:52,有人,3.0673
17:15:52,有人,3.0852
17:15:52,有人,3.0898
17:15:52,有人,3.0872
17:15:52,有人,3.0869
17:15:52,有人,3.0920
17:15:52,有人,3.0903
17:15:52,有人,3.0983
17:15:52,有人,3.1014
17:15:52,有人,3.1094
17:15:52,有人,3.1166
17:15:52,有人,3.1452
17:15:52,有人,3.1600
17:15:52,有人,3.1706
17:15:52,有人,3.1796
17:15:52,有人,3.1896
17:15:52,有人,3.1920
17:15:52,有人,3.1920
17:15:52,有人,3.2051
17:15:52,有人,2.9157
17:15:52,有人,2.9268
17:15:52,有人,2.9242
17:15:52,有人,2.9181
17:15:52,有人,2.9240
17:15:52,有人,2.9233
17:15:52,有人,2.9361
17:15:52,有人,2.9475
17:15:52,有人,2.9514
17:15:52,有人,2.9544
17:15:52,有人,2.9635
17:15:52,有人,2.9676
17:15:52,有人,2.9776
17:15:52,有人,2.9793
17:15:52,有人,2.9878
17:15:52,有人,2.9944
17:15:52,有人,2.9988
17:15:52,有人,2.9981
17:15:52,有人,3.0043
17:15:52,有人,2.9932
17:15:52,有人,2.9942
17:15:52,有人,2.9918
17:15:52,有人,2.9839
17:15:52,有人,2.9782
17:15:52,有人,2.9827
17:15:52,有人,2.9817
17:15:52,有人,2.9793
17:15:52,有人,2.9671
17:15:52,有人,2.9674
17:15:52,有人,2.9534
17:15:53,有人,2.9338
17:15:53,有人,2.9241
17:15:53,有人,2.9128
17:15:53,有人,2.8891
17:15:53,有人,2.8742
17:15:53,有人,2.8610
17:15:53,有人,2.8482
17:15:53,有人,2.8446
17:15:53,有人,2.8302
17:15:53,有人,2.8228
17:15:53,有人,2.8194
17:15:53,有人,2.8051
17:15:53,有人,2.8090
17:15:53,有人,2.8164
17:15:53,有人,2.8084
17:15:53,有人,2.7990
17:15:53,有人,2.7934
17:15:53,有人,2.7814
17:15:53,有人,2.7866
17:15:53,有人,2.7894
17:15:53,有人,2.7814
17:15:53,有人,2.7838
17:15:53,有人,2.7744
17:15:53,有人,2.7636
17:15:53,有人,2.7601
17:15:53,有人,2.7584
17:15:53,有人,2.7542
17:15:53,有人,2.7637
17:15:53,有人,2.4165
17:15:53,有人,2.4128
17:15:53,有人,2.4090
17:15:53,有人,2.0085
17:15:53,有人,1.6163
17:15:53,有人,1.1971
17:15:53,有人,1.1908
17:15:53,没人,0.8355
17:15:53,没人,0.5455
17:15:53,没人,0.5491
17:15:53,没人,0.5398
17:15:53,没人,0.5300
17:15:53,没人,0.5283
17:15:53,没人,0.5320
17:15:53,没人,0.5385
17:15:53,没人,0.5461
17:15:53,没人,0.5457
17:15:53,没人,0.5482
17:15:53,没人,0.5470
17:15:53,没人,0.5424
17:15:53,没人,0.5338
17:15:54,没人,0.5348
17:15:54,没人,0.5164
17:15:54,没人,0.5131
17:15:54,没人,0.5091
17:15:54,没人,0.5188
17:15:54,没人,0.5206
17:15:54,没人,0.5205
17:15:54,没人,0.5222
17:15:54,没人,0.5243
17:15:54,没人,0.5162
17:15:54,没人,0.5191
17:15:54,没人,0.5178
17:15:54,没人,0.5236
17:15:54,没人,0.5152
17:15:54,没人,0.5289
17:15:54,没人,0.5269
17:15:54,没人,0.5266
17:15:54,没人,0.5219
17:15:54,没人,0.5354
17:15:54,没人,0.5370
17:15:54,没人,0.5356
17:15:54,没人,0.5408
17:15:54,没人,0.5407
17:15:54,没人,0.5463
17:15:54,没人,0.5550
17:15:54,没人,0.5562
17:15:54,没人,0.5565
17:15:54,没人,0.5515
17:15:54,没人,0.5570
17:15:54,没人,0.5569
17:15:54,没人,0.5563
17:15:54,没人,0.5602
17:15:54,没人,0.5606
17:15:54,没人,0.5571
17:15:54,没人,0.5591
17:15:54,没人,0.5593
17:15:54,没人,0.5606
17:15:54,没人,0.5579
17:15:54,没人,0.5646
17:15:54,没人,0.5617
17:15:54,没人,0.5651
17:15:54,没人,0.5614
17:15:54,没人,0.5656
17:15:54,没人,0.5664
17:15:54,没人,0.5799
17:15:54,没人,0.5763
17:15:54,没人,0.5730
17:15:54,没人,0.5827
17:15:54,没人,0.5784
17:15:54,没人,0.5849
17:15:55,没人,0.5926
17:15:55,没人,0.5952
17:15:55,没人,0.5930
17:15:55,没人,0.5955
17:15:55,没人,0.6030
17:15:55,没人,0.5997
17:15:55,没人,0.6042
17:15:55,没人,0.6064
17:15:55,没人,0.6048
17:15:55,没人,0.6061
17:15:55,没人,0.6109
17:15:55,没人,0.6064
17:15:55,没人,0.6084
17:15:55,没人,0.5989
17:15:55,没人,0.9881
17:15:55,没人,0.9901
17:15:55,没人,1.3158
17:15:55,没人,1.3187
17:15:55,没人,1.3242
17:15:55,没人,1.3214
17:15:55,没人,1.3175
17:15:55,没人,1.3288
17:15:55,没人,1.3352
17:15:55,没人,1.3413
17:15:55,没人,1.3504
17:15:55,没人,1.3574
17:15:55,没人,1.3664
17:15:55,没人,1.3720
17:15:55,没人,1.3672
17:15:55,没人,1.3643
17:15:55,没人,1.3709
17:15:55,没人,1.3697
17:15:55,没人,1.3890
17:15:55,没人,1.4041
17:15:55,没人,1.4148
17:15:55,没人,1.4242
17:15:55,没人,1.4338
17:15:55,没人,1.4406
17:15:55,没人,1.4469
17:15:55,没人,1.4715
17:15:55,没人,1.4964
17:15:55,没人,1.5246
17:15:55,没人,1.5422
17:15:55,有人,1.5606
17:15:55,有人,1.9047
17:15:55,有人,2.2494
17:15:55,有人,2.5780
17:15:55,有人,2.6131
17:15:55,有人,2.6300
17:15:55,有人,2.6538
17:15:55,有人,2.6719
17:15:55,有人,2.6993
17:15:55,有人,2.7139
17:15:55,有人,2.7277
17:15:55,有人,2.7388
17:15:56,有人,2.7637
17:15:56,有人,2.7730
17:15:56,有人,2.7853
17:15:56,有人,3.1231
17:15:56,有人,3.1219
17:15:56,有人,3.1344
17:15:56,有人,3.1340
17:15:56,有人,3.1170
17:15:56,有人,3.1188
17:15:56,有人,3.1101
17:15:56,有人,3.1010
17:15:56,有人,3.0992
17:15:56,有人,3.0935
17:15:56,有人,3.0792
17:15:56,有人,3.0750
17:15:56,有人,3.0806
17:15:56,有人,3.0722
17:15:56,有人,3.0640
17:15:56,有人,3.0437
17:15:56,有人,3.0219
17:15:56,有人,3.0150
17:15:56,有人,2.9981
17:15:56,有人,2.9906
17:15:56,有人,2.9704
17:15:56,有人,2.9504
17:15:56,有人,2.9411
17:15:56,有人,2.9240
17:15:56,有人,2.9119
17:15:56,有人,2.9131
17:15:56,有人,2.8926
17:15:56,有人,2.8768
17:15:56,有人,2.8613
17:15:56,有人,2.8441
17:15:56,有人,2.8302
17:15:56,有人,2.8160
17:15:56,有人,2.8090
17:15:56,有人,2.8059
17:15:56,有人,2.7908
17:15:56,有人,2.7786
17:15:56,有人,2.7610
17:15:56,有人,2.7408
17:15:56,有人,2.7248
17:15:56,有人,2.6988
17:15:56,有人,2.6859
17:15:56,有人,2.6679
17:15:56,有人,2.6755
17:15:56,有人,2.6620
17:15:56,有人,2.6515
17:15:56,有人,2.6397
17:15:56,有人,2.6272
17:15:56,有人,2.6200
17:15:57,有人,2.6154
17:15:57,有人,2.6071
17:15:57,有人,2.5919
17:15:57,有人,2.5897
17:15:57,有人,2.5795
17:15:57,有人,2.5688
17:15:57,有人,2.5520
17:15:57,有人,2.5387
17:15:57,有人,2.2172
17:15:57,有人,2.2087
17:15:57,有人,1.9521
17:15:57,有人,1.9393
17:15:57,有人,1.9327
17:15:57,有人,1.9191
17:15:57,有人,1.9026
17:15:57,有人,1.8926
17:15:57,有人,1.8794
17:15:57,有人,1.8675
17:15:57,有人,1.8596
17:15:57,有人,1.8457
17:15:57,有人,1.8340
17:15:57,有人,1.8296
17:15:57,有人,1.8186
17:15:57,有人,1.8067
17:15:57,有人,1.7959
17:15:57,有人,1.7882
17:15:57,有人,1.7855
17:15:57,有人,1.7846
17:15:57,有人,1.7811
17:15:57,有人,1.7738
17:15:57,有人,1.7715
17:15:57,有人,1.7719
17:15:57,有人,1.7701
17:15:57,有人,1.7737
17:15:57,有人,1.7704
17:15:57,有人,1.7746
17:15:57,有人,1.7705
17:15:57,有人,1.7670
17:15:57,有人,1.4864
17:15:57,有人,1.1850
17:15:57,有人,0.8729
17:15:57,没人,0.8661
17:15:57,没人,0.8627
17:15:57,没人,0.8543
17:15:57,没人,0.8534
17:15:57,没人,0.8576
17:15:57,没人,0.8582
17:15:57,没人,0.8549
17:15:57,没人,0.8518
17:15:57,没人,0.8448
17:15:58,没人,0.8535
17:15:58,没人,0.8670
17:15:58,没人,0.5673
17:15:58,没人,0.5888
17:15:58,没人,0.6155
17:15:58,没人,0.6416
17:15:58,没人,0.6693
17:15:58,没人,0.6979
17:15:58,没人,0.7156
17:15:58,没人,0.7279
17:15:58,没人,0.7398
17:15:58,没人,0.7415
17:15:58,没人,0.7316
17:15:58,没人,0.7323
17:15:58,没人,0.7111
17:15:58,没人,0.7133
17:15:58,没人,0.7132
17:15:58,没人,0.7236
17:15:58,没人,0.7459
17:15:58,没人,0.7571
17:15:58,没人,0.7631
17:15:58,没人,0.7719
17:15:58,没人,0.7844
17:15:58,没人,0.7834
17:15:58,没人,0.7862
17:15:58,没人,0.7865
17:15:58,没人,0.7904
17:15:58,没人,0.7972
17:15:58,没人,0.8097
17:15:58,没人,0.8351
17:15:58,没人,0.8636
17:15:58,没人,0.8645
17:15:58,没人,0.8765
17:15:58,没人,0.8768
17:15:58,没人,0.8780
17:15:58,没人,0.8876
17:15:58,没人,0.9055
17:15:58,没人,0.9246
17:15:58,没人,0.9447
17:15:58,没人,0.9774
17:15:58,没人,1.0068
17:15:58,没人,1.0321
17:15:58,没人,1.0644
17:15:58,没人,1.3167
17:15:58,没人,1.3338
17:15:58,没人,1.3616
17:15:58,没人,1.3930
17:15:58,没人,1.4217
17:15:58,没人,1.4342
17:15:58,没人,1.4319
17:15:58,没人,1.4325
17:15:59,没人,1.4364
17:15:59,没人,1.4312
17:15:59,没人,1.4307
17:15:59,没人,1.4327
17:15:59,没人,1.4359
17:15:59,没人,1.4386
17:15:59,没人,1.4367
17:15:59,没人,1.4347
17:15:59,没人,1.4325
17:15:59,没人,1.4348
17:15:59,没人,1.4318
17:15:59,没人,1.4292
17:15:59,没人,1.4325
17:15:59,没人,1.4361
17:15:59,没人,1.4404
17:15:59,没人,1.4475
17:15:59,没人,1.4508
17:15:59,没人,1.4514
17:15:59,没人,1.4514
17:15:59,没人,1.4547
17:15:59,没人,1.4557
17:15:59,没人,1.4543
17:15:59,没人,1.4597
17:15:59,没人,1.4618
17:15:59,没人,1.4636
17:15:59,没人,1.4610
17:15:59,没人,1.4617
17:15:59,没人,1.4602
17:15:59,没人,1.4679
17:15:59,没人,1.4718
17:15:59,没人,1.4841
17:15:59,没人,1.5034
17:15:59,没人,1.5208
17:15:59,有人,1.5426
17:15:59,有人,1.5756
17:15:59,有人,1.6232
17:15:59,有人,1.6671
17:15:59,有人,1.7158
17:15:59,有人,1.7586
17:15:59,有人,1.8041
17:15:59,有人,1.8599
17:15:59,有人,1.9052
17:15:59,有人,1.9429
17:15:59,有人,1.9780
17:15:59,有人,2.0212
17:15:59,有人,2.0586
17:15:59,有人,2.1068
17:15:59,有人,2.1597
17:15:59,有人,2.2146
17:16:00,有人,2.2558
17:16:00,有人,2.2986
17:16:00,有人,2.3176
17:16:00,有人,2.3422
17:16:00,有人,2.3417
17:16:00,有人,2.3339
17:16:00,有人,2.3229
17:16:00,有人,2.3159
17:16:00,有人,2.2873
17:16:00,有人,2.2712
17:16:00,有人,2.2580
17:16:00,有人,2.2512
17:16:00,有人,2.2567
17:16:00,有人,2.2582
17:16:00,有人,2.2597
17:16:00,有人,2.2344
17:16:00,有人,2.2149
17:16:00,有人,2.1766
17:16:00,有人,2.1151
17:16:00,有人,2.0786
17:16:00,有人,2.0433
17:16:00,有人,2.0110
17:16:00,有人,1.9682
17:16:00,有人,1.9292
17:16:00,有人,1.8879
17:16:00,有人,1.8638
17:16:00,有人,1.8905
17:16:00,有人,1.8532
17:16:00,有人,1.7898
17:16:00,有人,1.7103
17:16:00,有人,1.6295
17:16:00,有人,1.5914
17:16:00,有人,1.5408
17:16:00,有人,1.5191
17:16:00,有人,1.5293
17:16:00,有人,1.5462
17:16:00,有人,1.5523
17:16:00,有人,1.5625
17:16:00,有人,1.5636
17:16:00,有人,1.5652
17:16:00,有人,1.5635
17:16:00,有人,1.5615
17:16:00,有人,1.5614
17:16:00,有人,1.2848
17:16:00,有人,1.2929
17:16:00,有人,1.3265
17:16:00,有人,1.3936
17:16:00,有人,1.4721
17:16:00,有人,1.6157
17:16:00,有人,1.7183
17:16:01,有人,1.7713
17:16:01,有人,1.7847
17:16:01,有人,1.7772
17:16:01,有人,1.7792
17:16:01,有人,1.7659
17:16:01,有人,1.7445
17:16:01,有人,1.7400
17:16:01,有人,1.7262
17:16:01,有人,1.7357
17:16:01,有人,1.7434
17:16:01,有人,1.7455
17:16:01,有人,1.7366
17:16:01,有人,1.7565
17:16:01,有人,1.7708
17:16:01,有人,1.7836
17:16:01,有人,1.8019
17:16:01,有人,1.7966
17:16:01,有人,1.7969
17:16:01,有人,1.7929
17:16:01,有人,1.7968
17:16:01,有人,1.8008
17:16:01,有人,1.7973
17:16:01,有人,1.8022
17:16:01,有人,1.7807
17:16:01,有人,1.7722
17:16:01,有人,1.7613
17:16:01,有人,1.7601
17:16:01,有人,1.7427
17:16:01,有人,1.7221
17:16:01,有人,1.7015
17:16:01,有人,1.7009
17:16:01,有人,1.6985
17:16:01,有人,1.7041
17:16:01,有人,1.6980
17:16:01,有人,1.6933
17:16:01,有人,1.7059
17:16:01,有人,1.7693
17:16:01,有人,1.8970
17:16:01,有人,1.9779
17:16:01,有人,2.0125
17:16:01,有人,2.0563
17:16:01,有人,2.1457
17:16:01,有人,2.2830
17:16:01,有人,2.4409
17:16:01,有人,2.5591
17:16:01,有人,2.6450
17:16:01,有人,2.7797
17:16:01,有人,2.8935
17:16:01,有人,2.9793
17:16:01,有人,2.9893
17:16:02,有人,2.9801
17:16:02,有人,2.9737
17:16:02,有人,2.9841
17:16:02,有人,2.9973
17:16:02,有人,3.0494
17:16:02,有人,3.1174
17:16:02,有人,3.1569
17:16:02,有人,3.1743
17:16:02,有人,3.1917
17:16:02,有人,3.1952
17:16:02,有人,3.1934
17:16:02,有人,3.2010
17:16:02,有人,3.2011
17:16:02,有人,3.2043
17:16:02,有人,3.2094
17:16:02,有人,3.2122
17:16:02,有人,3.2133
17:16:02,有人,3.2163
17:16:02,有人,3.2024
17:16:02,有人,3.2172
17:16:02,有人,3.2270
17:16:02,有人,3.2376
17:16:02,有人,3.2449
17:16:02,有人,3.4653
17:16:02,有人,3.4672
17:16:02,有人,3.4664
17:16:02,有人,3.4098
17:16:02,有人,3.6097
17:16:02,有人,3.6098
17:16:02,有人,3.6080
17:16:02,有人,3.6046
17:16:02,有人,3.5845
17:16:02,有人,3.5757
17:16:02,有人,3.5588
17:16:02,有人,3.5170
17:16:02,有人,3.4824
17:16:02,有人,3.4666
17:16:02,有人,3.4394
17:16:02,有人,3.4294
17:16:02,有人,3.4163
17:16:02,有人,3.4046
17:16:02,有人,3.3921
17:16:02,有人,3.3954
17:16:02,有人,3.3919
17:16:02,有人,3.3843
17:16:02,有人,3.3734
17:16:02,有人,3.3349
17:16:02,有人,3.2989
17:16:02,有人,3.2444
17:16:02,有人,3.2345
17:16:02,有人,3.2531
17:16:02,有人,3.2894
17:16:03,有人,3.2992
17:16:03,有人,3.3045
17:16:03,有人,3.3085
17:16:03,有人,3.3407
17:16:03,有人,3.3729
17:16:03,有人,3.4013
17:16:03,有人,3.4314
17:16:03,有人,3.4830
17:16:03,有人,3.5173
17:16:03,有人,3.5129
17:16:03,有人,3.5214
17:16:03,有人,3.5571
17:16:03,有人,3.6147
17:16:03,有人,3.6497
17:16:03,有人,3.6969
17:16:03,有人,3.7504
17:16:03,有人,3.8877
17:16:03,有人,3.9892
17:16:03,有人,4.0533
17:16:03,有人,4.0981
17:16:03,有人,4.0807
17:16:03,有人,4.0713
17:16:03,有人,4.0708
17:16:03,有人,4.0933
17:16:03,有人,4.1267
17:16:03,有人,4.1613
17:16:03,有人,4.2191
17:16:03,有人,4.2746
17:16:03,有人,4.3234
17:16:03,有人,4.3925
17:16:03,有人,4.5073
17:16:03,有人,4.6590
17:16:03,有人,4.8492
17:16:03,有人,5.0264
17:16:03,有人,5.0894
17:16:03,有人,5.1785
17:16:03,有人,5.2498
17:16:03,有人,5.3173
17:16:03,有人,5.3307
17:16:03,有人,5.3294
17:16:03,有人,5.1898
17:16:03,有人,5.0390
17:16:03,有人,5.1167
17:16:03,有人,5.0478
17:16:03,有人,5.0976
17:16:03,有人,4.9988
17:16:03,有人,4.9766
17:16:03,有人,5.0604
17:16:03,有人,5.1569
17:16:03,有人,5.2942
17:16:03,有人,5.4081
17:16:03,有人,5.4224
17:16:03,有人,5.4626
17:16:03,有人,5.5885
17:16:03,有人,5.8693
17:16:03,有人,5.9894
17:16:03,有人,6.0461
17:16:04,有人,6.0314
17:16:04,有人,5.9639
17:16:04,有人,5.8836
17:16:04,有人,5.8953
17:16:04,有人,5.8780
17:16:04,有人,5.8088
17:16:04,有人,5.7782
17:16:04,有人,5.7381
17:16:04,有人,5.6794
17:16:04,有人,5.6445
17:16:04,有人,5.6540
17:16:04,有人,5.6657
17:16:04,有人,5.6710
17:16:04,有人,5.6317
17:16:04,有人,5.4139
17:16:04,有人,5.3611
17:16:04,有人,5.2852
17:16:04,有人,5.2038
17:16:04,有人,4.9402
17:16:04,有人,5.1335
17:16:04,有人,5.0440
17:16:04,有人,4.9646
17:16:04,有人,4.9156
17:16:04,有人,4.8737
17:16:04,有人,4.8281
17:16:04,有人,4.8007
17:16:04,有人,4.7512
17:16:04,有人,4.7231
17:16:04,有人,4.6941
17:16:04,有人,4.6561
17:16:04,有人,4.6781
17:16:04,有人,4.6438
17:16:04,有人,4.5902
17:16:04,有人,4.5614
17:16:04,有人,4.5197
17:16:04,有人,4.4554
17:16:04,有人,4.4471
17:16:04,有人,4.3914
17:16:04,有人,4.3363
17:16:04,有人,4.3409
17:16:04,有人,4.3354
17:16:04,有人,4.3280
17:16:04,有人,4.3325
17:16:04,有人,4.3111
17:16:04,有人,4.2864
17:16:04,有人,4.2782
17:16:04,有人,4.2785
17:16:04,有人,4.2525
17:16:04,有人,4.2512
17:16:04,有人,4.2558
17:16:04,有人,4.2573
17:16:04,有人,4.2551
17:16:04,有人,4.2188
17:16:04,有人,4.1995
17:16:04,有人,4.1972
17:16:04,有人,4.1973
17:16:05,有人,4.1879
17:16:05,有人,4.1845
17:16:05,有人,4.1757
17:16:05,有人,4.1500
17:16:05,有人,4.1280
17:16:05,有人,4.1101
17:16:05,有人,4.1247
17:16:05,有人,4.1186
17:16:05,有人,4.1028
17:16:05,有人,4.0861
17:16:05,有人,4.0876
17:16:05,有人,4.0913
17:16:05,有人,4.0869
17:16:05,有人,4.0859
17:16:05,有人,4.0781
17:16:05,有人,4.0785
17:16:05,有人,4.0843
17:16:05,有人,4.0777
17:16:05,有人,4.0509
17:16:05,有人,4.0085
17:16:05,有人,3.9544
17:16:05,有人,4.1150
17:16:05,有人,3.8310
17:16:05,有人,3.7994
17:16:05,有人,3.7783
17:16:05,有人,3.7534
17:16:05,有人,3.5035
17:16:05,有人,3.4908
17:16:05,有人,3.4447
17:16:05,有人,3.1897
17:16:05,有人,3.1703
17:16:05,有人,2.8928
17:16:05,有人,2.8400
17:16:05,有人,2.7748
17:16:05,有人,2.6695
17:16:05,有人,2.5972
17:16:05,有人,2.5106
17:16:05,有人,2.4534
17:16:05,有人,2.4227
17:16:05,有人,2.3871
17:16:05,有人,2.3759
17:16:05,有人,2.1605
17:16:05,有人,2.1200
17:16:05,有人,2.1192
17:16:05,有人,2.1249
17:16:05,有人,2.1337
17:16:05,有人,2.1323
17:16:05,有人,2.0036
17:16:05,有人,2.0175
17:16:05,有人,1.9985
17:16:05,有人,1.9966
17:16:05,有人,1.9926
17:16:05,有人,2.0119
17:16:05,有人,2.0146
17:16:05,有人,1.9921
17:16:06,有人,1.9919
17:16:06,有人,2.1049
17:16:06,有人,2.2681
17:16:06,有人,2.4916
17:16:06,有人,2.6710
17:16:06,有人,2.8239
17:16:06,有人,2.8793
17:16:06,有人,3.0915
17:16:06,有人,2.9071
17:16:06,有人,2.9047
17:16:06,有人,2.9899
17:16:06,有人,3.0000
17:16:06,有人,3.0190
17:16:06,有人,3.1126
17:16:06,有人,3.1246
17:16:06,有人,3.1391
17:16:06,有人,3.1342
17:16:06,有人,3.1331
17:16:06,有人,3.1556
17:16:06,有人,3.0761
17:16:06,有人,3.0796
17:16:06,有人,3.1033
17:16:06,有人,3.1104
17:16:06,有人,3.1143
17:16:06,有人,3.1349
17:16:06,有人,3.0783
17:16:06,有人,3.0805
17:16:06,有人,3.0642
17:16:06,有人,3.0205
17:16:06,有人,2.9941
17:16:06,有人,2.9841
17:16:06,有人,2.9808
17:16:06,有人,2.9852
17:16:06,有人,2.9860
17:16:06,有人,3.0090
17:16:06,有人,3.0094
17:16:06,有人,3.0163
17:16:06,有人,3.0022
17:16:06,有人,3.0159
17:16:06,有人,3.0580
17:16:06,有人,3.0634
17:16:06,有人,3.0809
17:16:06,有人,3.0934
17:16:06,有人,3.0906
17:16:06,有人,3.0878
17:16:06,有人,3.0909
17:16:06,有人,3.0705
17:16:06,有人,3.0570
17:16:06,有人,3.0580
17:16:06,有人,3.0570
17:16:06,有人,3.0678
17:16:06,有人,3.0643
17:16:06,有人,3.0911
17:16:06,有人,3.0938
17:16:06,有人,3.1162
17:16:06,有人,3.1188
17:16:06,有人,3.1263
17:16:06,有人,3.1139
17:16:06,有人,3.1049
17:16:07,有人,3.1025
17:16:07,有人,3.1402
17:16:07,有人,3.1462
17:16:07,有人,3.1328
17:16:07,有人,3.1372
17:16:07,有人,3.1244
17:16:07,有人,3.1207
17:16:07,有人,2.8640
17:16:07,有人,2.8612
17:16:07,有人,2.8510
17:16:07,有人,2.8523
17:16:07,有人,2.8725
17:16:07,有人,2.8788
17:16:07,有人,2.8804
17:16:07,有人,2.8887
17:16:07,有人,2.8933
17:16:07,有人,2.8738
17:16:07,有人,2.8710
17:16:07,有人,2.8555
17:16:07,有人,2.8507
17:16:07,有人,2.8370
17:16:07,有人,2.8048
17:16:07,有人,2.7848
17:16:07,有人,2.7950
17:16:07,有人,2.7986
17:16:07,有人,2.8027
17:16:07,有人,2.8086
17:16:07,有人,2.8578
17:16:07,有人,2.8622
17:16:07,有人,2.8833
17:16:07,有人,2.8915
17:16:07,有人,2.8922
17:16:07,有人,2.9350
17:16:07,有人,2.9330
17:16:07,有人,2.9405
17:16:07,有人,2.9491
17:16:07,有人,2.9501
17:16:07,有人,2.9424
17:16:07,有人,2.9139
17:16:07,有人,2.9054
17:16:07,有人,2.9054
17:16:07,有人,2.9003
17:16:07,有人,2.8506
17:16:07,有人,2.7862
17:16:07,有人,2.5169
17:16:07,有人,2.4235
17:16:07,有人,2.3436
17:16:07,有人,2.3030
17:16:07,有人,2.0668
17:16:07,有人,2.0272
17:16:07,有人,1.9860
17:16:08,有人,1.8621
17:16:08,有人,1.8148
17:16:08,有人,1.8085
17:16:08,有人,1.6911
17:16:08,有人,1.6857
17:16:08,有人,1.6553
17:16:08,有人,1.6478
17:16:08,有人,1.6360
17:16:08,有人,1.5690
17:16:08,有人,1.5543
17:16:08,有人,1.5296
17:16:08,有人,1.5081
17:16:08,有人,1.4871
17:16:08,有人,1.4604
17:16:08,有人,1.4136
17:16:08,有人,1.3931
17:16:08,有人,1.3533
17:16:08,有人,1.3309
17:16:08,有人,1.2944
17:16:08,有人,1.2793
17:16:08,有人,1.2626
17:16:08,有人,1.2530
17:16:08,有人,1.2437
17:16:08,有人,1.2390
17:16:08,有人,1.1719
17:16:08,有人,1.1689
17:16:08,没人,1.1736
17:16:08,没人,1.1715
17:16:08,没人,1.1687
17:16:08,没人,1.0954
17:16:08,没人,1.0919
17:16:08,没人,1.0881
17:16:08,没人,1.0854
17:16:08,没人,1.0857
17:16:08,没人,1.0858
17:16:08,没人,1.0611
17:16:08,没人,1.0663
17:16:08,没人,1.0540
17:16:08,没人,1.0337
17:16:08,没人,1.0168
17:16:08,没人,0.9877
17:16:08,没人,0.9403
17:16:08,没人,0.9027
17:16:08,没人,0.8849
17:16:08,没人,0.8727
17:16:08,没人,0.8646
17:16:08,没人,0.8563
17:16:08,没人,0.8574
17:16:08,没人,0.8759
17:16:08,没人,0.8765
17:16:09,没人,0.8228
17:16:09,没人,0.8157
17:16:09,没人,0.8146
17:16:09,没人,0.8060
17:16:09,没人,0.8026
17:16:09,没人,0.7999
17:16:09,没人,0.8032
17:16:09,没人,0.8026
17:16:09,没人,0.8015
17:16:09,没人,0.7959
17:16:09,没人,0.7610
17:16:09,没人,0.7524
17:16:09,没人,0.7432
17:16:09,没人,0.7367
17:16:09,没人,0.7154
17:16:09,没人,0.6996
17:16:09,没人,0.6838
17:16:09,没人,0.6653
17:16:09,没人,0.6501
17:16:09,没人,0.6359
17:16:09,没人,0.6050
17:16:09,没人,0.6060
17:16:09,没人,0.5927
17:16:09,没人,0.5920
17:16:09,没人,0.5879
17:16:09,没人,0.5790
17:16:09,没人,0.5179
17:16:09,没人,0.5207
17:16:09,没人,0.4979
17:16:09,没人,0.4888
17:16:09,没人,0.4877
17:16:09,没人,0.4352
17:16:09,没人,0.4329
17:16:09,没人,0.8188
17:16:09,没人,0.8195
17:16:09,没人,0.8187
17:16:09,没人,1.0719
17:16:09,没人,1.0723
17:16:09,没人,1.0680
17:16:09,没人,1.0642
17:16:09,没人,1.0609
17:16:09,没人,1.0614
17:16:09,没人,1.0313
17:16:09,没人,1.0269
17:16:09,没人,1.0280
17:16:09,没人,1.0249
17:16:09,没人,1.0264
17:16:09,没人,1.0281
17:16:09,没人,1.0441
17:16:09,没人,1.0442
17:16:09,没人,1.0419
17:16:09,没人,1.0425
17:16:10,没人,1.0408
17:16:10,没人,1.0404
17:16:10,没人,1.0363
17:16:10,没人,1.0386
17:16:10,没人,1.0408
17:16:10,没人,1.0365
17:16:10,没人,1.0370
17:16:10,没人,1.0393
17:16:10,没人,1.0385
17:16:10,没人,1.0403
17:16:10,没人,1.0395
17:16:10,没人,1.0345
17:16:10,没人,1.0333
17:16:10,没人,1.0320
17:16:10,没人,1.0248
17:16:10,没人,1.0226
17:16:10,没人,1.0214
17:16:10,没人,1.0204
17:16:10,没人,1.0213
17:16:10,没人,1.0193
17:16:10,没人,1.0150
17:16:10,没人,1.0225
17:16:10,没人,1.0198
17:16:10,没人,1.0213
17:16:10,没人,1.0232
17:16:10,没人,1.0277
17:16:10,没人,1.0305
17:16:10,没人,1.0351
17:16:10,没人,1.0497
17:16:10,没人,1.0674
17:16:10,没人,1.0757
17:16:10,没人,1.0963
17:16:10,没人,1.1073
17:16:10,没人,1.1244
17:16:10,没人,1.1301
17:16:10,没人,1.1455
17:16:10,没人,1.1592
17:16:10,没人,1.1726
17:16:10,没人,1.1829
17:16:10,没人,1.1868
17:16:10,没人,1.1928
17:16:10,没人,1.2026
17:16:10,没人,1.2107
17:16:10,没人,1.2122
17:16:10,没人,1.2145
17:16:10,没人,1.2139
17:16:10,没人,1.1939
17:16:10,没人,1.1950
17:16:10,没人,1.1942
17:16:10,没人,1.3551
17:16:10,没人,1.6019
17:16:11,没人,1.6040
17:16:11,有人,1.6034
17:16:11,有人,1.6028
17:16:11,有人,1.6053
17:16:11,有人,1.6109
17:16:11,有人,1.8234
17:16:11,有人,1.8317
17:16:11,有人,1.8370
17:16:11,有人,1.8377
17:16:11,有人,1.8527
17:16:11,有人,1.8546
17:16:11,有人,1.8538
17:16:11,有人,1.8538
17:16:11,有人,1.8542
17:16:11,有人,1.8553
17:16:11,有人,1.8590
17:16:11,有人,1.8589
17:16:11,有人,1.8900
17:16:11,有人,1.8926
17:16:11,有人,1.8951
17:16:11,有人,1.9015
17:16:11,有人,1.9040
17:16:11,有人,1.9077
17:16:11,有人,1.9096
17:16:11,有人,1.9103
17:16:11,有人,1.9096
17:16:11,有人,1.9096
17:16:11,有人,1.9108
17:16:11,有人,1.9134
17:16:11,有人,1.9102
17:16:11,有人,1.5212
17:16:11,有人,1.5250
17:16:11,有人,1.5257
17:16:11,有人,1.2759
17:16:11,有人,1.2770
17:16:11,有人,1.2761
17:16:11,有人,1.2760
17:16:11,有人,1.2748
17:16:11,有人,1.2784
17:16:11,有人,1.2808
17:16:11,有人,1.2771
17:16:11,有人,1.2818
17:16:11,有人,1.2841
17:16:11,有人,1.2999
17:16:11,有人,1.3030
17:16:11,有人,1.2743
17:16:11,有人,1.2771
17:16:11,有人,1.2741
17:16:11,有人,1.2774
17:16:11,有人,1.2760
17:16:11,有人,1.2778
17:16:12,有人,1.2826
17:16:12,有人,1.2839
17:16:12,有人,1.2905
17:16:12,有人,1.2889
17:16:12,有人,1.2900
17:16:12,有人,1.2902
17:16:12,有人,1.2919
17:16:12,有人,1.2896
17:16:12,有人,1.2896
17:16:12,有人,1.2920
17:16:12,有人,1.2935
17:16:12,有人,1.3001
17:16:12,有人,1.3022
17:16:12,有人,1.3072
17:16:12,有人,1.3078
17:16:12,有人,1.3066
17:16:12,有人,1.3082
17:16:12,有人,1.3072
17:16:12,有人,1.3084
17:16:12,有人,1.3008
17:16:12,有人,1.2989
17:16:12,有人,1.3041
17:16:12,有人,1.2987
17:16:12,有人,1.2970
17:16:12,有人,1.2915
17:16:12,有人,1.2901
17:16:12,有人,1.2768
17:16:12,有人,1.2617
17:16:12,有人,1.2542
17:16:12,有人,1.2393
17:16:12,有人,1.2352
17:16:12,有人,1.2182
17:16:12,有人,1.2036
17:16:12,有人,1.1862
17:16:12,有人,1.1647
17:16:12,没人,1.1462
17:16:12,没人,1.1319
17:16:12,没人,1.1277
17:16:12,没人,1.1169
17:16:12,没人,1.1021
17:16:12,没人,1.0863
17:16:12,没人,1.0755
17:16:12,没人,1.0650
17:16:12,没人,1.0587
17:16:12,没人,1.0568
17:16:12,没人,1.0537
17:16:12,没人,1.0513
17:16:12,没人,0.8765
17:16:12,没人,0.5958
17:16:12,没人,0.5958
17:16:13,没人,0.6019
17:16:13,没人,0.6003
17:16:13,没人,0.5951
17:16:13,没人,0.6192
17:16:13,没人,0.5717
17:16:13,没人,0.5667
17:16:13,没人,0.5668
17:16:13,没人,0.5721
17:16:13,没人,0.7965
17:16:13,没人,0.7923
17:16:13,没人,0.7925
17:16:13,没人,0.7919
17:16:13,没人,0.7925
17:16:13,没人,0.7940
17:16:13,没人,0.7938
17:16:13,没人,0.7928
17:16:13,没人,0.7636
17:16:13,没人,0.7639
17:16:13,没人,0.7652
17:16:13,没人,0.7625
17:16:13,没人,0.7659
17:16:13,没人,0.7660
17:16:13,没人,0.7679
17:16:13,没人,0.7725
17:16:13,没人,0.7743
17:16:13,没人,0.7834
17:16:13,没人,0.7960
17:16:13,没人,0.8079
17:16:13,没人,0.8265
17:16:13,没人,0.8405
17:16:13,没人,0.8505
17:16:13,没人,0.8592
17:16:13,没人,0.8680
17:16:13,没人,0.8720
17:16:13,没人,0.8718
17:16:13,没人,0.8746
17:16:13,没人,0.8818
17:16:13,没人,0.8966
17:16:13,没人,0.9057
17:16:13,没人,0.9191
17:16:13,没人,0.9290
17:16:13,没人,0.9445
17:16:13,没人,0.9514
17:16:13,没人,0.9572
17:16:13,没人,0.9784
17:16:13,没人,1.0159
17:16:13,没人,1.0246
17:16:13,没人,1.0357
17:16:13,没人,1.0459
17:16:13,没人,1.0612
17:16:13,没人,1.1087
17:16:14,没人,1.1142
17:16:14,没人,1.1152
17:16:14,没人,1.1197
17:16:14,没人,1.1223
17:16:14,没人,1.1705
17:16:14,没人,1.1832
17:16:14,没人,1.1974
17:16:14,没人,1.2218
17:16:14,没人,1.2560
17:16:14,没人,1.3122
17:16:14,没人,1.3575
17:16:14,没人,1.4166
17:16:14,没人,1.4619
17:16:14,没人,1.5130
17:16:14,没人,1.5426
17:16:14,有人,1.5642
17:16:14,有人,1.5773
17:16:14,有人,1.5895
17:16:14,有人,1.5965
17:16:14,有人,1.6067
17:16:14,有人,1.6119
17:16:14,有人,1.6200
17:16:14,有人,1.6673
17:16:14,有人,1.6861
17:16:14,有人,1.7624
17:16:14,有人,1.8800
17:16:14,有人,2.0552
17:16:14,有人,2.3354
17:16:14,有人,2.7411
17:16:14,有人,3.1443
17:16:14,有人,3.4777
17:16:14,有人,3.7067
17:16:14,有人,3.8923
17:16:14,有人,4.0707
17:16:14,有人,4.2409
17:16:14,有人,4.4032
17:16:14,有人,4.6006
17:16:14,有人,4.8749
17:16:14,有人,5.1605
17:16:14,有人,5.4511
17:16:14,有人,5.7398
17:16:14,有人,5.9247
17:16:14,有人,6.0844
17:16:14,有人,6.2274
17:16:14,有人,6.3634
17:16:14,有人,6.5266
17:16:14,有人,6.6618
17:16:14,有人,6.7847
17:16:14,有人,6.8932
17:16:14,有人,6.9929
17:16:15,有人,7.1048
17:16:15,有人,7.1981
17:16:15,有人,7.3154
17:16:15,有人,7.2682
17:16:15,有人,7.4256
17:16:15,有人,7.5619
17:16:15,有人,7.7494
17:16:15,有人,7.6946
17:16:15,有人,7.9005
17:16:15,有人,8.1210
17:16:15,有人,8.3287
17:16:15,有人,8.4793
17:16:15,有人,8.6886
17:16:15,有人,8.9039
17:16:15,有人,9.0862
17:16:15,有人,9.3456
17:16:15,有人,9.6317
17:16:15,有人,9.8391
17:16:15,有人,9.9291
17:16:15,有人,9.9518
17:16:15,有人,10.0149
17:16:15,有人,10.2157
17:16:15,有人,10.4169
17:16:15,有人,10.5139
17:16:15,有人,10.6186
17:16:15,有人,10.8030
17:16:15,有人,11.0841
17:16:15,有人,11.3793
17:16:15,有人,11.7368
17:16:15,有人,12.0697
17:16:15,有人,12.4551
17:16:15,有人,12.7868
17:16:15,有人,12.8799
17:16:15,有人,12.8693
17:16:15,有人,12.8039
17:16:15,有人,12.8063
17:16:15,有人,12.8547
17:16:15,有人,12.8259
17:16:15,有人,12.8492
17:16:15,有人,12.8206
17:16:15,有人,12.8993
17:16:15,有人,13.0795
17:16:15,有人,13.3460
17:16:15,有人,13.5799
17:16:15,有人,13.8436
17:16:15,有人,14.0682
17:16:15,有人,14.1830
17:16:15,有人,14.2783
17:16:15,有人,14.3567
17:16:15,有人,14.3359
17:16:15,有人,14.3944
17:16:16,有人,14.5286
17:16:16,有人,14.6692
17:16:16,有人,14.8421
17:16:16,有人,14.9431
17:16:16,有人,15.0192
17:16:16,有人,15.1218
17:16:16,有人,15.2199
17:16:16,有人,15.2805
17:16:16,有人,15.2836
17:16:16,有人,15.3457
17:16:16,有人,15.4012
17:16:16,有人,15.4379
17:16:16,有人,15.4353
17:16:16,有人,15.4872
17:16:16,有人,15.4826
17:16:16,有人,15.5548
17:16:16,有人,15.5848
17:16:16,有人,15.6238
17:16:16,有人,15.6490
17:16:16,有人,15.6723
17:16:16,有人,15.7001
17:16:16,有人,15.6641
17:16:16,有人,15.6976
17:16:16,有人,15.6734
17:16:16,有人,15.7018
17:16:16,有人,15.7589
17:16:16,有人,15.7964
17:16:16,有人,15.7827
17:16:16,有人,15.7236
17:16:16,有人,15.7094
17:16:16,有人,15.7356
17:16:16,有人,15.7718
17:16:16,有人,15.8163
17:16:16,有人,15.8518
17:16:16,有人,15.8881
17:16:16,有人,15.9172
17:16:16,有人,15.9114
17:16:16,有人,15.8393
17:16:16,有人,15.7846
17:16:16,有人,15.6999
17:16:16,有人,15.6867
17:16:16,有人,15.6947
17:16:16,有人,15.7049
17:16:16,有人,15.7412
17:16:16,有人,15.7149
17:16:16,有人,15.6936
17:16:16,有人,15.7080
17:16:16,有人,15.7056
17:16:16,有人,15.6869
17:16:16,有人,15.6948
17:16:17,有人,15.6880
17:16:17,有人,15.6160
17:16:17,有人,15.5968
17:16:17,有人,15.5201
17:16:17,有人,15.4675
17:16:17,有人,15.3248
17:16:17,有人,15.2200
17:16:17,有人,15.0621
17:16:17,有人,14.8388
17:16:17,有人,14.6433
17:16:17,有人,14.5547
17:16:17,有人,14.3152
17:16:17,有人,14.0496
17:16:17,有人,13.8004
17:16:17,有人,13.4111
17:16:17,有人,12.9627
17:16:17,有人,12.5645
17:16:17,有人,12.2721
17:16:17,有人,12.0895
17:16:17,有人,11.8194
17:16:17,有人,11.3648
17:16:17,有人,10.8735
17:16:17,有人,10.4863
17:16:17,有人,10.0894
17:16:17,有人,9.5831
17:16:17,有人,8.9587
17:16:17,有人,8.3576
17:16:17,有人,7.6253
17:16:17,有人,6.9150
17:16:17,有人,6.0963
17:16:17,有人,5.3081
17:16:17,有人,4.7747
17:16:17,有人,4.3379
17:16:17,有人,3.9702
17:16:17,有人,3.7177
17:16:17,有人,3.4449
17:16:17,有人,3.1613
17:16:17,有人,2.6841
17:16:17,有人,2.4865
17:16:17,有人,2.4638
17:16:17,有人,2.4390
17:16:17,有人,2.4167
17:16:17,有人,2.3935
17:16:17,有人,2.3292
17:16:17,有人,2.2275
17:16:17,有人,2.1022
17:16:17,有人,1.9501
17:16:17,有人,1.8412
17:16:17,有人,1.7233
17:16:17,有人,1.6312
17:16:18,有人,1.5580
17:16:18,有人,1.4546
17:16:18,有人,1.3771
17:16:18,有人,1.3273
17:16:18,有人,1.2836
17:16:18,有人,1.2324
17:16:18,有人,1.1916
17:16:18,有人,1.1604
17:16:18,没人,1.1278
17:16:18,没人,1.0595
17:16:18,没人,0.9954
17:16:18,没人,0.9781
17:16:18,没人,0.9772
17:16:18,没人,0.9647
17:16:18,没人,0.9783
17:16:18,没人,0.9890
17:16:18,没人,0.9918
17:16:18,没人,1.0007
17:16:18,没人,1.0153
17:16:18,没人,1.0276
17:16:18,没人,1.0428
17:16:18,没人,1.0523
17:16:18,没人,1.0687
17:16:18,没人,1.0727
17:16:18,没人,1.1072
17:16:18,没人,1.1286
17:16:18,没人,1.1383
17:16:18,没人,1.1587
17:16:18,没人,1.1637
17:16:18,没人,1.1805
17:16:18,没人,1.1945
17:16:18,没人,1.1985
17:16:18,没人,1.2153
17:16:18,没人,1.2379
17:16:18,没人,1.2566
17:16:18,没人,1.2931
17:16:18,没人,1.3018
17:16:18,没人,1.3219
17:16:18,没人,1.3521
17:16:18,没人,1.3939
17:16:18,没人,1.4252
17:16:18,没人,1.4648
17:16:18,没人,1.5004
17:16:18,没人,1.5213
17:16:18,有人,1.5389
17:16:18,有人,1.5487
17:16:18,有人,1.6261
17:16:18,有人,1.7159
17:16:18,有人,1.7253
17:16:18,有人,1.7216
17:16:19,有人,1.7239
17:16:19,有人,1.7326
17:16:19,有人,1.7260
17:16:19,有人,1.7264
17:16:19,有人,1.7304
17:16:19,有人,1.7358
17:16:19,有人,1.7296
17:16:19,有人,1.7324
17:16:19,有人,1.7345
17:16:19,有人,1.7478
17:16:19,有人,1.8013
17:16:19,有人,1.8044
17:16:19,有人,1.8249
17:16:19,有人,1.8573
17:16:19,有人,1.8997
17:16:19,有人,1.9485
17:16:19,有人,1.9970
17:16:19,有人,2.0825
17:16:19,有人,2.1284
17:16:19,有人,2.2153
17:16:19,有人,2.3220
17:16:19,有人,2.4259
17:16:19,有人,2.5597
17:16:19,有人,2.6750
17:16:19,有人,2.8263
17:16:19,有人,2.9630
17:16:19,有人,3.1188
17:16:19,有人,3.2523
17:16:19,有人,3.4101
17:16:19,有人,3.5446
17:16:19,有人,3.6803
17:16:19,有人,3.7974
17:16:19,有人,3.9194
17:16:19,有人,4.0454
17:16:19,有人,4.1737
17:16:19,有人,4.3039
17:16:19,有人,4.4160
17:16:19,有人,4.5394
17:16:19,有人,4.6672
17:16:19,有人,4.7812
17:16:19,有人,4.9384
17:16:19,有人,5.0935
17:16:19,有人,5.2562
17:16:19,有人,5.4303
17:16:19,有人,5.6353
17:16:19,有人,5.8531
17:16:19,有人,6.1011
17:16:19,有人,6.4066
17:16:19,有人,6.7382
17:16:19,有人,7.0567
17:16:20,有人,7.3959
17:16:20,有人,7.6795
17:16:20,有人,7.8945
17:16:20,有人,8.1187
17:16:20,有人,8.3216
17:16:20,有人,8.4255
17:16:20,有人,8.5478
17:16:20,有人,8.6281
17:16:20,有人,8.7255
17:16:20,有人,8.8033
17:16:20,有人,8.9002
17:16:20,有人,8.9712
17:16:20,有人,8.9922
17:16:20,有人,8.9731
17:16:20,有人,8.9008
17:16:20,有人,8.8455
17:16:20,有人,8.7879
17:16:20,有人,8.7457
17:16:20,有人,8.6707
17:16:20,有人,8.6186
17:16:20,有人,8.5124
17:16:20,有人,8.4310
17:16:20,有人,8.3599
17:16:20,有人,8.2585
17:16:20,有人,8.1644
17:16:20,有人,8.1073
17:16:20,有人,8.0661
17:16:20,有人,8.0774
17:16:20,有人,8.0783
17:16:20,有人,8.0685
17:16:20,有人,8.0621
17:16:20,有人,8.0639
17:16:20,有人,8.0718
17:16:20,有人,8.1409
17:16:20,有人,8.1735
17:16:20,有人,8.7820
17:16:20,有人,8.8323
17:16:20,有人,8.8680
17:16:20,有人,8.8815
17:16:20,有人,8.9277
17:16:20,有人,8.9917
17:16:20,有人,9.0547
17:16:20,有人,9.5758
17:16:20,有人,9.6293
17:16:20,有人,9.6653
17:16:20,有人,9.6520
17:16:20,有人,9.5166
17:16:20,有人,9.3490
17:16:20,有人,9.3360
17:16:20,有人,9.3279
17:16:20,有人,9.3314
17:16:20,有人,9.7916
17:16:20,有人,9.7651
17:16:20,有人,9.7429
17:16:20,有人,9.7277
17:16:20,有人,9.7162
17:16:20,有人,9.7138
17:16:20,有人,10.3084
17:16:20,有人,10.3112
17:16:20,有人,10.3299
17:16:20,有人,10.3102
17:16:21,有人,10.3223
17:16:21,有人,10.3446
17:16:21,有人,10.3656
17:16:21,有人,10.3994
17:16:21,有人,10.4295
17:16:21,有人,10.4517
17:16:21,有人,10.4751
17:16:21,有人,10.5092
17:16:21,有人,10.5514
17:16:21,有人,10.5773
17:16:21,有人,10.5964
17:16:21,有人,10.6052
17:16:21,有人,10.6233
17:16:21,有人,10.6115
17:16:21,有人,10.6116
17:16:21,有人,10.6094
17:16:21,有人,10.6126
17:16:21,有人,10.5908
17:16:21,有人,10.5977
17:16:21,有人,10.5920
17:16:21,有人,10.6035
17:16:21,有人,10.5924
17:16:21,有人,10.5824
17:16:21,有人,10.5765
17:16:21,有人,10.5518
17:16:21,有人,10.5419
17:16:21,有人,10.5110
17:16:21,有人,10.5025
17:16:21,有人,10.4951
17:16:21,有人,10.4400
17:16:21,有人,10.3958
17:16:21,有人,10.3500
17:16:21,有人,10.2576
17:16:21,有人,10.1520
17:16:21,有人,10.0105
17:16:21,有人,9.8331
17:16:21,有人,9.6110
17:16:21,有人,9.3305
17:16:21,有人,9.0453
17:16:21,有人,8.6669
17:16:21,有人,8.3437
17:16:21,有人,8.1182
17:16:21,有人,7.8380
17:16:21,有人,7.6010
17:16:21,有人,7.4601
17:16:21,有人,7.2500
17:16:21,有人,7.0730
17:16:21,有人,6.8699
17:16:21,有人,6.6819
17:16:21,有人,6.4398
17:16:21,有人,6.2037
17:16:21,有人,6.0031
17:16:21,有人,5.8322
17:16:22,有人,5.6877
17:16:22,有人,5.5261
17:16:22,有人,5.3793
17:16:22,有人,5.2296
17:16:22,有人,5.0993
17:16:22,有人,4.9645
17:16:22,有人,4.8838
17:16:22,有人,4.8019
17:16:22,有人,4.7450
17:16:22,有人,4.7312
17:16:22,有人,4.7313
17:16:22,有人,4.7608
17:16:22,有人,4.7750
17:16:22,有人,4.7855
17:16:22,有人,4.8007
17:16:22,有人,4.8416
17:16:22,有人,4.8908
17:16:22,有人,4.9192
17:16:22,有人,4.9537
17:16:22,有人,4.9122
17:16:22,有人,4.9561
17:16:22,有人,4.1433
17:16:22,有人,4.1576
17:16:22,有人,4.2068
17:16:22,有人,4.2283
17:16:22,有人,4.2521
17:16:22,有人,4.2632
17:16:22,有人,4.2766
17:16:22,有人,3.5556
17:16:22,有人,3.6370
17:16:22,有人,3.6714
17:16:22,有人,3.7343
17:16:22,有人,3.7756
17:16:22,有人,3.8310
17:16:22,有人,3.9101
17:16:22,有人,3.9635
17:16:22,有人,4.0179
17:16:22,有人,3.2019
17:16:22,有人,3.2366
17:16:22,有人,3.2858
17:16:22,有人,3.3485
17:16:22,有人,3.4193
17:16:22,有人,3.4654
17:16:22,有人,2.4808
17:16:22,有人,2.5516
17:16:22,有人,2.6044
17:16:22,有人,2.6774
17:16:22,有人,2.7447
17:16:22,有人,2.7976
17:16:22,有人,2.8677
17:16:23,有人,2.9433
17:16:23,有人,2.9968
17:16:23,有人,3.0596
17:16:23,有人,3.1507
17:16:23,有人,3.2315
17:16:23,有人,3.2899
17:16:23,有人,3.3505
17:16:23,有人,3.3736
17:16:23,有人,3.3744
17:16:23,有人,3.3840
17:16:23,有人,3.4177
17:16:23,有人,3.4638
17:16:23,有人,3.4990
17:16:23,有人,3.5815
17:16:23,有人,3.7195
17:16:23,有人,3.8823
17:16:23,有人,4.0272
17:16:23,有人,4.1603
17:16:23,有人,4.2901
17:16:23,有人,4.4040
17:16:23,有人,4.4785
17:16:23,有人,4.5909
17:16:23,有人,4.6555
17:16:23,有人,4.6973
17:16:23,有人,4.6426
17:16:23,有人,4.5915
17:16:23,有人,4.6079
17:16:23,有人,4.6506
17:16:23,有人,4.6905
17:16:23,有人,4.7111
17:16:23,有人,4.6885
17:16:23,有人,4.7095
17:16:23,有人,4.7056
17:16:23,有人,4.7173
17:16:23,有人,4.7228
17:16:23,有人,4.7216
17:16:23,有人,4.7187
17:16:23,有人,4.6907
17:16:23,有人,4.6743
17:16:23,有人,4.6338
17:16:23,有人,4.5966
17:16:23,有人,4.6104
17:16:23,有人,4.6003
17:16:23,有人,4.5805
17:16:23,有人,4.5478
17:16:23,有人,4.4933
17:16:23,有人,4.4971
17:16:23,有人,4.4935
17:16:23,有人,4.4978
17:16:23,有人,4.4902
17:16:23,有人,4.4753
17:16:23,有人,4.4568
17:16:23,有人,4.4412
17:16:24,有人,4.4139
17:16:24,有人,4.4107
17:16:24,有人,4.4005
17:16:24,有人,4.3859
17:16:24,有人,4.3740
17:16:24,有人,4.3635
17:16:24,有人,4.3591
17:16:24,有人,4.3704
17:16:24,有人,4.3615
17:16:24,有人,4.3548
17:16:24,有人,4.3607
17:16:24,有人,4.3678
17:16:24,有人,4.3861
17:16:24,有人,4.3961
17:16:24,有人,4.4141
17:16:24,有人,4.4303
17:16:24,有人,4.4559
17:16:24,有人,4.4754
17:16:24,有人,4.4886
17:16:24,有人,4.5171
17:16:24,有人,4.5019
17:16:24,有人,4.5094
17:16:24,有人,4.5109
17:16:24,有人,4.5372
17:16:24,有人,4.5574
17:16:24,有人,4.5604
17:16:24,有人,4.5016
17:16:24,有人,4.4886
17:16:24,有人,4.4744
17:16:24,有人,4.4787
17:16:24,有人,4.4858
17:16:24,有人,4.4896
17:16:24,有人,4.4931
17:16:24,有人,4.4743
17:16:24,有人,4.4660
17:16:24,有人,4.4663
17:16:24,有人,4.4637
17:16:24,有人,4.4965
17:16:24,有人,4.5295
17:16:24,有人,4.5810
17:16:24,有人,4.6008
17:16:24,有人,4.5880
17:16:24,有人,4.5703
17:16:24,有人,4.5001
17:16:24,有人,4.4724
17:16:24,有人,4.4466
17:16:24,有人,4.3736
17:16:24,有人,4.3363
17:16:24,有人,4.2833
17:16:24,有人,4.2121
17:16:25,有人,4.1440
17:16:25,有人,4.0921
17:16:25,有人,4.0585
17:16:25,有人,4.0387
17:16:25,有人,4.0488
17:16:25,有人,4.0443
17:16:25,有人,4.0403
17:16:25,有人,4.0108
17:16:25,有人,3.9759
17:16:25,有人,3.9268
17:16:25,有人,3.8416
17:16:25,有人,3.6944
17:16:25,有人,3.5300
17:16:25,有人,3.3914
17:16:25,有人,3.2525
17:16:25,有人,3.1504
17:16:25,有人,3.0513
17:16:25,有人,2.9758
17:16:25,有人,2.8864
17:16:25,有人,2.8264
17:16:25,有人,2.8019
17:16:25,有人,2.7990
17:16:25,有人,2.7789
17:16:25,有人,2.7670
17:16:25,有人,2.6333
17:16:25,有人,2.4909
17:16:25,有人,2.4913
17:16:25,有人,2.4699
17:16:25,有人,2.4615
17:16:25,有人,2.4649
17:16:25,有人,2.3722
17:16:25,有人,2.3744
17:16:25,有人,2.3811
17:16:25,有人,2.4155
17:16:25,有人,2.4618
17:16:25,有人,2.4685
17:16:25,有人,2.4978
17:16:25,有人,2.5278
17:16:25,有人,2.4975
17:16:25,有人,2.5125
17:16:25,有人,2.5336
17:16:25,有人,2.5564
17:16:25,有人,2.6122
17:16:25,有人,2.6263
17:16:25,有人,2.6735
17:16:25,有人,2.7087
17:16:25,有人,2.7452
17:16:25,有人,2.7983
17:16:25,有人,2.8702
17:16:25,有人,2.9267
17:16:26,有人,2.9740
17:16:26,有人,3.0191
17:16:26,有人,3.0522
17:16:26,有人,3.0735
17:16:26,有人,3.1275
17:16:26,有人,3.1788
17:16:26,有人,3.1937
17:16:26,有人,3.1915
17:16:26,有人,3.1871
17:16:26,有人,3.1884
17:16:26,有人,3.1858
17:16:26,有人,3.1568
17:16:26,有人,3.1123
17:16:26,有人,3.0861
17:16:26,有人,3.0531
17:16:26,有人,3.0164
17:16:26,有人,2.9455
17:16:26,有人,2.8879
17:16:26,有人,2.8467
17:16:26,有人,2.7936
17:16:26,有人,2.7311
17:16:26,有人,2.7111
17:16:26,有人,2.6487
17:16:26,有人,2.5722
17:16:26,有人,2.5064
17:16:26,有人,2.4537
17:16:26,有人,2.4118
17:16:26,有人,2.3815
17:16:26,有人,2.3240
17:16:26,有人,2.2589
17:16:26,有人,2.1698
17:16:26,有人,2.0872
17:16:26,有人,2.0130
17:16:26,有人,1.9586
17:16:26,有人,2.0342
17:16:26,有人,2.0141
17:16:26,有人,2.0035
17:16:26,有人,1.9962
17:16:26,有人,1.9881
17:16:26,有人,1.9662
17:16:26,有人,1.9534
17:16:26,有人,1.9343
17:16:26,有人,1.9095
17:16:26,有人,1.8959
17:16:26,有人,1.8896
17:16:26,有人,1.8934
17:16:26,有人,1.8807
17:16:26,有人,1.8433
17:16:26,有人,1.8143
17:16:26,有人,1.7770
17:16:26,有人,1.7670
17:16:27,有人,1.7334
17:16:27,有人,1.6698
17:16:27,有人,1.6272
17:16:27,有人,1.5733
17:16:27,有人,1.5485
17:16:27,有人,1.5029
17:16:27,有人,1.4666
17:16:27,有人,1.4298
17:16:27,有人,1.3841
17:16:27,有人,1.3305
17:16:27,有人,1.3051
17:16:27,有人,1.3027
17:16:27,有人,1.2947
17:16:27,有人,1.2745
17:16:27,有人,1.2367
17:16:27,有人,1.2089
17:16:27,有人,1.1824
17:16:27,有人,1.1536
17:16:27,没人,1.1225
17:16:27,没人,1.1009
17:16:27,没人,1.0678
17:16:27,没人,1.0422
17:16:27,没人,1.0068
17:16:27,没人,0.9840
17:16:27,没人,0.9714
17:16:27,没人,0.9569
17:16:27,没人,0.9503
17:16:27,没人,0.9318
17:16:27,没人,0.9227
17:16:27,没人,0.9147
17:16:27,没人,0.8973
17:16:27,没人,0.8803
17:16:27,没人,0.8758
17:16:27,没人,0.8770
17:16:27,没人,0.8635
17:16:27,没人,0.8580
17:16:27,没人,0.8527
17:16:27,没人,0.8518
17:16:27,没人,0.8515
17:16:27,没人,0.8497
17:16:27,没人,0.8351
17:16:27,没人,0.8308
17:16:27,没人,0.8246
17:16:27,没人,0.8200
17:16:27,没人,0.8115
17:16:27,没人,0.7891
17:16:27,没人,0.7727
17:16:27,没人,0.7413
17:16:27,没人,0.7327
17:16:27,没人,0.7017
17:16:28,没人,0.6952
17:16:28,没人,0.6826
17:16:28,没人,0.6796
17:16:28,没人,0.6728
17:16:28,没人,0.6663
17:16:28,没人,0.6612
17:16:28,没人,0.6519
17:16:28,没人,0.6503
17:16:28,没人,0.6434
17:16:28,没人,0.6383
17:16:28,没人,0.6194
17:16:28,没人,0.6091
17:16:28,没人,0.5844
17:16:28,没人,0.5813
17:16:28,没人,0.5808
17:16:28,没人,0.5871
17:16:28,没人,0.5763
17:16:28,没人,0.5715
17:16:28,没人,0.5689
17:16:28,没人,0.5612
17:16:28,没人,0.5589
17:16:28,没人,0.5299
17:16:28,没人,0.5203
17:16:28,没人,0.4971
17:16:28,没人,0.4916
17:16:28,没人,0.4853
17:16:28,没人,0.4603
17:16:28,没人,0.4566
17:16:28,没人,0.4439
17:16:28,没人,0.4399
17:16:28,没人,0.4386
17:16:28,没人,0.4401
17:16:28,没人,0.4394
17:16:28,没人,0.3619
17:16:28,没人,0.3596
17:16:28,没人,0.3591
17:16:28,没人,0.3557
17:16:28,没人,0.3524
17:16:28,没人,0.3521
17:16:28,没人,0.3420
17:16:28,没人,0.3365
17:16:28,没人,0.3386
17:16:28,没人,0.3388
17:16:28,没人,0.3387
17:16:28,没人,0.3439
17:16:28,没人,0.3440
17:16:28,没人,0.3457
17:16:28,没人,0.3432
17:16:28,没人,0.3462
17:16:28,没人,0.3484
17:16:29,没人,0.3551
17:16:29,没人,0.3640
17:16:29,没人,0.3743
17:16:29,没人,0.3772
17:16:29,没人,0.3856
17:16:29,没人,0.3908
17:16:29,没人,0.4027
17:16:29,没人,0.4171
17:16:29,没人,0.4241
17:16:29,没人,0.4296
17:16:29,没人,0.4413
17:16:29,没人,0.4512
17:16:29,没人,0.4625
17:16:29,没人,0.4720
17:16:29,没人,0.4803
17:16:29,没人,0.4876
17:16:29,没人,0.4955
17:16:29,没人,0.5038
17:16:29,没人,0.8206
17:16:29,没人,0.8346
17:16:29,没人,0.8373
17:16:29,没人,0.8427
17:16:29,没人,0.8480
17:16:29,没人,0.8500
17:16:29,没人,0.8466
17:16:29,没人,0.8551
17:16:29,没人,0.8625
17:16:29,没人,0.8733
17:16:29,没人,0.8839
17:16:29,没人,0.8830
17:16:29,没人,0.9005
17:16:29,没人,0.9183
17:16:29,没人,0.9370
17:16:29,没人,0.9547
17:16:29,没人,0.9637
17:16:29,没人,0.9686
17:16:29,没人,0.9768
17:16:29,没人,0.9837
17:16:29,没人,0.9904
17:16:29,没人,1.0000
17:16:29,没人,1.0077
17:16:29,没人,1.0111
17:16:29,没人,1.0162
17:16:29,没人,1.0353
17:16:29,没人,1.0382
17:16:29,没人,1.0502
17:16:29,没人,1.0528
17:16:29,没人,1.0618
17:16:29,没人,1.0646
17:16:29,没人,1.0668
17:16:29,没人,1.0692
17:16:30,没人,1.0831
17:16:30,没人,1.0779
17:16:30,没人,1.0911
17:16:30,没人,1.0951
17:16:30,没人,1.1016
17:16:30,没人,1.1108
17:16:30,没人,1.1221
17:16:30,没人,1.1283
17:16:30,没人,1.1307
17:16:30,没人,1.1327
17:16:30,没人,1.1276
17:16:30,没人,1.1239
17:16:30,没人,1.1326
17:16:30,没人,1.1377
17:16:30,没人,1.1403
17:16:30,没人,1.1403
17:16:30,没人,1.1396
17:16:30,没人,1.1441
17:16:30,没人,1.1438
17:16:30,没人,1.1511
17:16:30,没人,1.1447
17:16:30,没人,1.1556
17:16:30,没人,1.1546
17:16:30,没人,1.1656
17:16:30,没人,1.1616
17:16:30,没人,1.1730
17:16:30,没人,1.1777
17:16:30,没人,1.1850
17:16:30,没人,1.1973
17:16:30,没人,1.2113
17:16:30,没人,1.2313
17:16:30,没人,1.2476
17:16:30,没人,1.2489
17:16:30,没人,1.2459
17:16:30,没人,1.2512
17:16:30,没人,1.2566
17:16:30,没人,1.2510
17:16:30,没人,1.2456
17:16:30,没人,1.2510
17:16:30,没人,1.2420
17:16:30,没人,1.2409
17:16:30,没人,1.2383
17:16:30,没人,1.2279
17:16:30,没人,1.2356
17:16:30,没人,1.2333
17:16:30,没人,1.2336
17:16:30,没人,1.2205
17:16:30,没人,1.2088
17:16:30,没人,1.1908
17:16:30,没人,1.1687
17:16:31,没人,1.1509
17:16:31,没人,1.1230
17:16:31,没人,1.1052
17:16:31,没人,1.0716
17:16:31,没人,1.0430
17:16:31,没人,1.0171
17:16:31,没人,1.0010
17:16:31,没人,0.9728
17:16:31,没人,0.9539
17:16:31,没人,0.9253
17:16:31,没人,0.8979
17:16:31,没人,0.8795
17:16:31,没人,0.8500
17:16:31,没人,0.8132
17:16:31,没人,0.8056
17:16:31,没人,0.7994
17:16:31,没人,0.7806
17:16:31,没人,0.5054
17:16:31,没人,0.4986
17:16:31,没人,0.4742
17:16:31,没人,0.4505
17:16:31,没人,0.4381
17:16:31,没人,0.4133
17:16:31,没人,0.3915
17:16:31,没人,0.3933
17:16:31,没人,0.3882
17:16:31,没人,0.3808
17:16:31,没人,0.3778
17:16:31,没人,0.3706
17:16:31,没人,0.3680
17:16:31,没人,0.3648
17:16:31,没人,0.3680
17:16:31,没人,0.3625
17:16:31,没人,0.3606
17:16:31,没人,0.3584
17:16:31,没人,0.3624
17:16:31,没人,0.3628
17:16:31,没人,0.3636
17:16:31,没人,0.3639
17:16:31,没人,0.3568
17:16:31,没人,0.3516
17:16:31,没人,0.3514
17:16:31,没人,0.3491
17:16:31,没人,0.3445
17:16:31,没人,0.3341
17:16:31,没人,0.3494
17:16:31,没人,0.3500
17:16:31,没人,0.3521
17:16:31,没人,0.3544
17:16:31,没人,0.3607
17:16:32,没人,0.3706
17:16:32,没人,0.3766
17:16:32,没人,0.3765
17:16:32,没人,0.3775
17:16:32,没人,0.3755
17:16:32,没人,0.3775
17:16:32,没人,0.3786
17:16:32,没人,0.3792
17:16:32,没人,0.3849
17:16:32,没人,0.3852
17:16:32,没人,0.3970
17:16:32,没人,0.4026
17:16:32,没人,0.4084
17:16:32,没人,0.4110
17:16:32,没人,0.4218
17:16:32,没人,0.4258
17:16:32,没人,0.4281
17:16:32,没人,0.4526
17:16:32,没人,0.4559
17:16:32,没人,0.4568
17:16:32,没人,0.4647
17:16:32,没人,0.4661
17:16:32,没人,0.4678
17:16:32,没人,0.4703
17:16:32,没人,0.4719
17:16:32,没人,0.4742
17:16:32,没人,0.4740
17:16:32,没人,0.4976
17:16:32,没人,0.4999
17:16:32,没人,0.5026
17:16:32,没人,0.4964
17:16:32,没人,0.4908
17:16:32,没人,0.4925
17:16:32,没人,0.4966
17:16:32,没人,0.4943
17:16:32,没人,0.4995
17:16:32,没人,0.5186
17:16:32,没人,0.5297
17:16:32,没人,0.5569
17:16:32,没人,0.5590
17:16:32,没人,0.5565
17:16:32,没人,0.5644
17:16:32,没人,0.5707
17:16:32,没人,0.5670
17:16:32,没人,0.5620
17:16:32,没人,0.5629
17:16:32,没人,0.5624
17:16:32,没人,0.5664
17:16:32,没人,0.5762
17:16:32,没人,0.5764
17:16:33,没人,0.5815
17:16:33,没人,0.5811
17:16:33,没人,0.5822
17:16:33,没人,0.5819
17:16:33,没人,0.5806
17:16:33,没人,0.5822
17:16:33,没人,0.5805
17:16:33,没人,0.5826
17:16:33,没人,0.5878
17:16:33,没人,0.6028
17:16:33,没人,0.6083
17:16:33,没人,0.6115
17:16:33,没人,0.6100
17:16:33,没人,0.6246
17:16:33,没人,0.6346
17:16:33,没人,0.6410
17:16:33,没人,0.6433
17:16:33,没人,0.6661
17:16:33,没人,0.6689
17:16:33,没人,0.6900
17:16:33,没人,0.6998
17:16:33,没人,0.7148
17:16:33,没人,0.7573
17:16:33,没人,0.7640
17:16:33,没人,0.7708
17:16:33,没人,0.7902
17:16:33,没人,0.8068
17:16:33,没人,0.8285
17:16:33,没人,0.8471
17:16:33,没人,0.8604
17:16:33,没人,0.8838
17:16:33,没人,0.8999
17:16:33,没人,0.9208
17:16:33,没人,0.9389
17:16:33,没人,0.9696
17:16:33,没人,0.9890
17:16:33,没人,1.0143
17:16:33,没人,1.0550
17:16:33,没人,1.0708
17:16:33,没人,1.0855
17:16:33,没人,1.1017
17:16:33,没人,1.1136
17:16:33,没人,1.1281
17:16:33,没人,1.1491
17:16:33,没人,1.1634
17:16:33,没人,1.1778
17:16:33,没人,1.1931
17:16:33,没人,1.2141
17:16:33,没人,1.2474
17:16:33,没人,1.2501
17:16:33,没人,1.5539
17:16:33,没人,1.5553
17:16:34,有人,1.5699
17:16:34,有人,1.8584
17:16:34,有人,1.8708
17:16:34,有人,1.8993
17:16:34,有人,1.9078
17:16:34,有人,1.9084
17:16:34,有人,1.9013
17:16:34,有人,1.9009
17:16:34,有人,1.9013
17:16:34,有人,1.8967
17:16:34,有人,1.8965
17:16:34,有人,1.9010
17:16:34,有人,1.8973
17:16:34,有人,1.8914
17:16:34,有人,1.8854
17:16:34,有人,1.8645
17:16:34,有人,1.8608
17:16:34,有人,1.8677
17:16:34,有人,1.8564
17:16:34,有人,1.8536
17:16:34,有人,1.8445
17:16:34,有人,1.8439
17:16:34,有人,1.8313
17:16:34,有人,1.8256
17:16:34,有人,1.8242
17:16:34,有人,1.7941
17:16:34,有人,1.7733
17:16:34,有人,1.7570
17:16:34,有人,1.7397
17:16:34,有人,1.7342
17:16:34,有人,1.7295
17:16:34,有人,1.7064
17:16:34,有人,1.6928
17:16:34,有人,1.6799
17:16:34,有人,1.6512
17:16:34,有人,1.6194
17:16:34,有人,1.5861
17:16:34,有人,1.5703
17:16:34,有人,1.5477
17:16:34,有人,1.5207
17:16:34,有人,1.4992
17:16:34,有人,1.4807
17:16:34,有人,1.4708
17:16:34,有人,1.4586
17:16:34,有人,1.4298
17:16:34,有人,1.3951
17:16:34,有人,1.3555
17:16:34,有人,1.3282
17:16:34,有人,1.2919
17:16:34,有人,1.2705
17:16:34,有人,1.2505
17:16:34,有人,1.2387
17:16:35,有人,1.2168
17:16:35,有人,1.2011
17:16:35,有人,1.1913
17:16:35,有人,1.1807
17:16:35,没人,1.1595
17:16:35,没人,1.1392
17:16:35,没人,1.1336
17:16:35,没人,1.1338
17:16:35,没人,1.1266
17:16:35,没人,1.1171
17:16:35,没人,1.1031
17:16:35,没人,1.1047
17:16:35,没人,1.1057
17:16:35,没人,1.0960
17:16:35,没人,1.0942
17:16:35,没人,1.0831
17:16:35,没人,1.0830
17:16:35,没人,1.0820
17:16:35,没人,1.0645
17:16:35,没人,1.0905
17:16:35,没人,1.0824
17:16:35,没人,1.1825
17:16:35,没人,1.1837
17:16:35,没人,1.1752
17:16:35,没人,1.1738
17:16:35,没人,1.1724
17:16:35,没人,1.1780
17:16:35,没人,1.1855
17:16:35,没人,1.2093
17:16:35,没人,1.2180
17:16:35,没人,1.2282
17:16:35,没人,1.2398
17:16:35,没人,1.2469
17:16:35,没人,1.2398
17:16:35,没人,1.2660
17:16:35,没人,1.2835
17:16:35,没人,1.3003
17:16:35,没人,1.3064
17:16:35,没人,1.3219
17:16:35,没人,1.3339
17:16:35,没人,1.3428
17:16:35,没人,1.3322
17:16:35,没人,1.3370
17:16:35,没人,1.3359
17:16:35,没人,1.3028
17:16:35,没人,1.3144
17:16:35,没人,1.0572
17:16:35,没人,1.0532
17:16:35,没人,1.0546
17:16:35,没人,0.8016
17:16:35,没人,0.7974
17:16:35,没人,0.7653
17:16:36,没人,0.7642
17:16:36,没人,0.7587
17:16:36,没人,0.7560
17:16:36,没人,0.7515
17:16:36,没人,0.7497
17:16:36,没人,0.7482
17:16:36,没人,0.7428
17:16:36,没人,0.7389
17:16:36,没人,0.7306
17:16:36,没人,0.7272
17:16:36,没人,0.7271
17:16:36,没人,0.7297
17:16:36,没人,0.7296
17:16:36,没人,0.7312
17:16:36,没人,0.7361
17:16:36,没人,0.7463
17:16:36,没人,0.7528
17:16:36,没人,0.7598
17:16:36,没人,0.7707
17:16:36,没人,0.7829
17:16:36,没人,0.8294
17:16:36,没人,0.8553
17:16:36,没人,0.8787
17:16:36,没人,0.8988
17:16:36,没人,0.9132
17:16:36,没人,0.9266
17:16:36,没人,0.9313
17:16:36,没人,0.9450
17:16:36,没人,0.9559
17:16:36,没人,0.9573
17:16:36,没人,0.9710
17:16:36,没人,1.0050
17:16:36,没人,1.0237
17:16:36,没人,1.0081
17:16:36,没人,1.0097
17:16:36,没人,1.0232
17:16:36,没人,1.0367
17:16:36,没人,1.0468
17:16:36,没人,1.0521
17:16:36,没人,1.0761
17:16:36,没人,1.1004
17:16:36,没人,1.1267
17:16:36,没人,1.1440
17:16:36,没人,1.1537
17:16:36,没人,1.1665
17:16:36,没人,1.1765
17:16:36,没人,1.1837
17:16:36,没人,1.1966
17:16:36,没人,1.2085
17:16:36,没人,1.2211
17:16:37,没人,1.2236
17:16:37,没人,1.2316
17:16:37,没人,1.2329
17:16:37,没人,1.2511
17:16:37,没人,1.2546
17:16:37,没人,1.2630
17:16:37,没人,1.3029
17:16:37,没人,1.3176
17:16:37,没人,1.3309
17:16:37,没人,1.3479
17:16:37,没人,1.3534
17:16:37,没人,1.3648
17:16:37,没人,1.3832
17:16:37,没人,1.4414
17:16:37,没人,1.4502
17:16:37,没人,1.4724
17:16:37,没人,1.4931
17:16:37,没人,1.4789
17:16:37,没人,1.5000
17:16:37,没人,1.3271
17:16:37,没人,1.3363
17:16:37,没人,1.3383
17:16:37,没人,1.3479
17:16:37,没人,1.3592
17:16:37,没人,1.3684
17:16:37,没人,1.3757
17:16:37,没人,1.3278
17:16:37,没人,1.3411
17:16:37,没人,1.3489
17:16:37,没人,1.3605
17:16:37,没人,1.3694
17:16:37,没人,1.3718
17:16:37,没人,1.3707
17:16:37,没人,1.3791
17:16:37,没人,1.3913
17:16:37,没人,1.4020
17:16:37,没人,1.4072
17:16:37,没人,1.4418
17:16:37,没人,1.4480
17:16:37,没人,1.4559
17:16:37,没人,1.4665
17:16:37,没人,1.4723
17:16:37,没人,1.4748
17:16:37,没人,1.4656
17:16:37,没人,1.4766
17:16:37,没人,1.4774
17:16:37,没人,1.4954
17:16:37,没人,1.5028
17:16:37,没人,1.5029
17:16:37,有人,1.5105
17:16:38,有人,1.5310
17:16:38,有人,1.5569
17:16:38,有人,1.5745
17:16:38,有人,1.6011
17:16:38,有人,1.6256
17:16:38,有人,1.6837
17:16:38,有人,1.7208
17:16:38,有人,1.7678
17:16:38,有人,1.8145
17:16:38,有人,1.8811
17:16:38,有人,1.9599
17:16:38,有人,2.0327
17:16:38,有人,2.0896
17:16:38,有人,2.2169
17:16:38,有人,2.3082
17:16:38,有人,2.3743
17:16:38,有人,2.4414
17:16:38,有人,2.6060
17:16:38,有人,2.7350
17:16:38,有人,2.8003
17:16:38,有人,2.7916
17:16:38,有人,2.8384
17:16:38,有人,2.8697
17:16:38,有人,2.8974
17:16:38,有人,2.9385
17:16:38,有人,3.0192
17:16:38,有人,3.0480
17:16:38,有人,3.0623
17:16:38,有人,3.0967
17:16:38,有人,3.1302
17:16:38,有人,3.1747
17:16:38,有人,3.1752
17:16:38,有人,3.1884
17:16:38,有人,3.2090
17:16:38,有人,3.2809
17:16:38,有人,3.2759
17:16:38,有人,3.2760
17:16:38,有人,3.2759
17:16:38,有人,3.2653
17:16:38,有人,3.2670
17:16:38,有人,3.2619
17:16:38,有人,3.2543
17:16:38,有人,3.2368
17:16:38,有人,3.2310
17:16:38,有人,3.2628
17:16:38,有人,3.2545
17:16:38,有人,3.2509
17:16:38,有人,3.2459
17:16:38,有人,3.2390
17:16:38,有人,3.2354
17:16:38,有人,3.2315
17:16:39,有人,3.2225
17:16:39,有人,3.2267
17:16:39,有人,3.2250
17:16:39,有人,3.2263
17:16:39,有人,3.2379
17:16:39,有人,3.1996
17:16:39,有人,3.2050
17:16:39,有人,3.2170
17:16:39,有人,3.2332
17:16:39,有人,3.2373
17:16:39,有人,3.2456
17:16:39,有人,3.2479
17:16:39,有人,3.2260
17:16:39,有人,3.2368
17:16:39,有人,3.2305
17:16:39,有人,3.5632
17:16:39,有人,3.5704
17:16:39,有人,3.5775
17:16:39,有人,3.5820
17:16:39,有人,3.6583
17:16:39,有人,3.6781
17:16:39,有人,3.6949
17:16:39,有人,3.6980
17:16:39,有人,3.7111
17:16:39,有人,3.7230
17:16:39,有人,3.7298
17:16:39,有人,3.7373
17:16:39,有人,3.7605
17:16:39,有人,3.7708
17:16:39,有人,3.7804
17:16:39,有人,3.8304
17:16:39,有人,3.8471
17:16:39,有人,3.8607
17:16:39,有人,3.8693
17:16:39,有人,3.8750
17:16:39,有人,3.8832
17:16:39,有人,3.8587
17:16:39,有人,3.8660
17:16:39,有人,3.8759
17:16:39,有人,3.9005
17:16:39,有人,3.9103
17:16:39,有人,3.9138
17:16:39,有人,3.9113
17:16:39,有人,3.9104
17:16:39,有人,3.9356
17:16:39,有人,3.9240
17:16:39,有人,3.9251
17:16:39,有人,3.9266
17:16:39,有人,3.9100
17:16:39,有人,3.8759
17:16:39,有人,3.8377
17:16:40,有人,3.8007
17:16:40,有人,3.7506
17:16:40,有人,3.6927
17:16:40,有人,3.6056
17:16:40,有人,3.5404
17:16:40,有人,3.4625
17:16:40,有人,3.3897
17:16:40,有人,3.2753
17:16:40,有人,3.1384
17:16:40,有人,3.0200
17:16:40,有人,2.9177
17:16:40,有人,2.7488
17:16:40,有人,2.6257
17:16:40,有人,2.5357
17:16:40,有人,2.4402
17:16:40,有人,2.2466
17:16:40,有人,2.0814
17:16:40,有人,1.9977
17:16:40,有人,1.9193
17:16:40,有人,1.8439
17:16:40,有人,1.8140
17:16:40,有人,1.7580
17:16:40,有人,1.6954
17:16:40,有人,1.6105
17:16:40,有人,1.5744
17:16:40,有人,1.5418
17:16:40,有人,1.5015
17:16:40,有人,1.4715
17:16:40,有人,1.4538
17:16:40,有人,1.4165
17:16:40,有人,1.4140
17:16:40,有人,1.4179
17:16:40,有人,1.3793
17:16:40,有人,1.4235
17:16:40,有人,1.4359
17:16:40,有人,1.4562
17:16:40,有人,1.4691
17:16:40,有人,1.4806
17:16:40,有人,1.4876
17:16:40,有人,1.5009
17:16:40,有人,1.5144
17:16:40,有人,1.5350
17:16:40,有人,1.5308
17:16:40,有人,1.5671
17:16:40,有人,1.6002
17:16:40,有人,1.6147
17:16:40,有人,1.6419
17:16:40,有人,1.6498
17:16:40,有人,1.6796
17:16:40,有人,1.6887
17:16:41,有人,1.7002
17:16:41,有人,1.7152
17:16:41,有人,1.7290
17:16:41,有人,1.7221
17:16:41,有人,1.7251
17:16:41,有人,1.7157
17:16:41,有人,1.7069
17:16:41,有人,1.6918
17:16:41,有人,1.6846
17:16:41,有人,1.6708
17:16:41,有人,2.2641
17:16:41,有人,2.9943
17:16:41,有人,2.9902
17:16:41,有人,2.9842
17:16:41,有人,2.6104
17:16:41,有人,2.6033
17:16:41,有人,2.5941
17:16:41,有人,2.5929
17:16:41,有人,2.5262
17:16:41,有人,2.5117
17:16:41,有人,2.4939
17:16:41,有人,2.4819
17:16:41,有人,2.4669
17:16:41,有人,2.4505
17:16:41,有人,2.4435
17:16:41,有人,2.4489
17:16:41,有人,2.4332
17:16:41,有人,2.4354
17:16:41,有人,2.4416
17:16:41,有人,2.4063
17:16:41,有人,2.3990
17:16:41,有人,2.4031
17:16:41,有人,2.3990
17:16:41,有人,2.3907
17:16:41,有人,2.3961
17:16:41,有人,2.3872
17:16:41,有人,2.3814
17:16:41,有人,2.3987
17:16:41,有人,2.3826
17:16:41,有人,2.3704
17:16:41,有人,2.3771
17:16:41,有人,2.3700
17:16:41,有人,2.3707
17:16:41,有人,2.3581
17:16:41,有人,2.3658
17:16:41,有人,2.3742
17:16:41,有人,2.3770
17:16:41,有人,2.3822
17:16:41,有人,2.3896
17:16:41,有人,2.4021
17:16:41,有人,2.4100
17:16:41,有人,2.4171
17:16:42,有人,2.4290
17:16:42,有人,2.4468
17:16:42,有人,2.4571
17:16:42,有人,2.4710
17:16:42,有人,2.4903
17:16:42,有人,2.5122
17:16:42,有人,2.5382
17:16:42,有人,2.5533
17:16:42,有人,2.5547
17:16:42,有人,2.5591
17:16:42,有人,2.5479
17:16:42,有人,2.5467
17:16:42,有人,2.5917
17:16:42,有人,2.5939
17:16:42,有人,2.5996
17:16:42,有人,2.5969
17:16:42,有人,2.6121
17:16:42,有人,2.6304
17:16:42,有人,2.6211
17:16:42,有人,2.6171
17:16:42,有人,2.6161
17:16:42,有人,2.6239
17:16:42,有人,2.6315
17:16:42,有人,2.6449
17:16:42,有人,2.6549
17:16:42,有人,2.6583
17:16:42,有人,2.6426
17:16:42,有人,2.6502
17:16:42,有人,2.6361
17:16:42,有人,2.6271
17:16:42,有人,2.6380
17:16:42,有人,2.5916
17:16:42,有人,2.5930
17:16:42,有人,2.6002
17:16:42,有人,2.6211
17:16:42,有人,2.6273
17:16:42,有人,2.6304
17:16:42,有人,2.6316
17:16:42,有人,2.6313
17:16:42,有人,2.6273
17:16:42,有人,2.6185
17:16:42,有人,2.6134
17:16:42,有人,2.6096
17:16:42,有人,2.6341
17:16:42,有人,2.6272
17:16:42,有人,2.6279
17:16:42,有人,2.6202
17:16:42,有人,2.6315
17:16:42,有人,2.6290
17:16:43,有人,2.6288
17:16:43,有人,2.6259
17:16:43,有人,2.6402
17:16:43,有人,2.6493
17:16:43,有人,2.6551
17:16:43,有人,2.6562
17:16:43,有人,2.6689
17:16:43,有人,2.6769
17:16:43,有人,2.6704
17:16:43,有人,1.9542
17:16:43,有人,1.0502
17:16:43,有人,1.0506
17:16:43,没人,1.0494
17:16:43,没人,1.0537
17:16:43,没人,1.0524
17:16:43,没人,1.0522
17:16:43,没人,1.0523
17:16:43,没人,1.0550
17:16:43,没人,1.2185
17:16:43,没人,1.2243
17:16:43,没人,1.4089
17:16:43,没人,1.4148
17:16:43,没人,1.4225
17:16:43,没人,1.4240
17:16:43,没人,1.4081
17:16:43,没人,1.4023
17:16:43,没人,1.4021
17:16:43,没人,1.8647
17:16:43,没人,2.0212
17:16:43,有人,2.0142
17:16:43,有人,2.0045
17:16:43,有人,2.0064
17:16:43,有人,1.9978
17:16:43,有人,1.9843
17:16:43,有人,1.9806
17:16:43,有人,1.9777
17:16:43,有人,1.9587
17:16:43,有人,2.6176
17:16:43,有人,3.3675
17:16:43,有人,3.3507
17:16:43,有人,3.4672
17:16:43,有人,3.4533
17:16:43,有人,3.4439
17:16:43,有人,3.4314
17:16:43,有人,3.4254
17:16:43,有人,3.4214
17:16:43,有人,3.4154
17:16:43,有人,3.4065
17:16:43,有人,3.3953
17:16:43,有人,3.3879
17:16:43,有人,3.3777
17:16:43,有人,3.3618
17:16:43,有人,3.3452
17:16:43,有人,3.3255
17:16:43,有人,3.3167
17:16:43,有人,3.3039
17:16:44,有人,3.2875
17:16:44,有人,3.2627
17:16:44,有人,3.2481
17:16:44,有人,3.2444
17:16:44,有人,3.2264
17:16:44,有人,3.3431
17:16:44,有人,3.3409
17:16:44,有人,3.2894
17:16:44,有人,3.2768
17:16:44,有人,3.2761
17:16:44,有人,3.3786
17:16:44,有人,3.3611
17:16:44,有人,3.3352
17:16:44,有人,3.3129
17:16:44,有人,3.3065
17:16:44,有人,3.3007
17:16:44,有人,3.2846
17:16:44,有人,3.2762
17:16:44,有人,3.2611
17:16:44,有人,3.2593
17:16:44,有人,3.2558
17:16:44,有人,3.2531
17:16:44,有人,3.2519
17:16:44,有人,3.2508
17:16:44,有人,3.2383
17:16:44,有人,3.3080
17:16:44,有人,3.6658
17:16:44,有人,3.7704
17:16:44,有人,3.7522
17:16:44,有人,3.7288
17:16:44,有人,3.7311
17:16:44,有人,3.7306
17:16:44,有人,3.8301
17:16:44,有人,3.8338
17:16:44,有人,3.8322
17:16:44,有人,3.8267
17:16:44,有人,3.9367
17:16:44,有人,4.0224
17:16:44,有人,4.0337
17:16:44,有人,4.0544
17:16:44,有人,4.0562
17:16:44,有人,4.0595
17:16:44,有人,4.1302
17:16:44,有人,4.1177
17:16:44,有人,4.1023
17:16:44,有人,4.0989
17:16:44,有人,4.0755
17:16:44,有人,4.0610
17:16:44,有人,4.0501
17:16:44,有人,4.0759
17:16:44,有人,4.0637
17:16:44,有人,4.0654
17:16:44,有人,4.0624
17:16:44,有人,4.0545
17:16:44,有人,4.0641
17:16:44,有人,4.0429
17:16:44,有人,4.0400
17:16:44,有人,4.0360
17:16:44,有人,4.0226
17:16:45,有人,4.0100
17:16:45,有人,4.0107
17:16:45,有人,4.0083
17:16:45,有人,3.9149
17:16:45,有人,3.9121
17:16:45,有人,3.8056
17:16:45,有人,3.8040
17:16:45,有人,3.7942
17:16:45,有人,3.7986
17:16:45,有人,3.7967
17:16:45,有人,3.7980
17:16:45,有人,3.7883
17:16:45,有人,3.4136
17:16:45,有人,3.3173
17:16:45,有人,3.3170
17:16:45,有人,3.3167
17:16:45,有人,3.3056
17:16:45,有人,3.3033
17:16:45,有人,3.3185
17:16:45,有人,3.3332
17:16:45,有人,3.3387
17:16:45,有人,3.3429
17:16:45,有人,2.7593
17:16:45,有人,2.0722
17:16:45,有人,2.0688
17:16:45,有人,1.9702
17:16:45,有人,1.9888
17:16:45,有人,1.9942
17:16:45,有人,1.9997
17:16:45,有人,2.1057
17:16:45,有人,2.2065
17:16:45,有人,2.2084
17:16:45,有人,2.2101
17:16:45,有人,2.2152
17:16:45,有人,2.2270
17:16:45,有人,2.2512
17:16:45,有人,2.3322
17:16:45,有人,2.3313
17:16:45,有人,2.3286
17:16:45,有人,2.3276
17:16:45,有人,2.3192
17:16:45,有人,2.3075
17:16:45,有人,2.3091
17:16:45,有人,2.3236
17:16:45,有人,2.3380
17:16:45,有人,2.3383
17:16:45,有人,2.2454
17:16:45,有人,2.2462
17:16:45,有人,2.2532
17:16:45,有人,2.2508
17:16:45,有人,2.2418
17:16:45,有人,2.1484
17:16:45,有人,2.1401
17:16:46,有人,2.1379
17:16:46,有人,2.1391
17:16:46,有人,2.1499
17:16:46,有人,2.1507
17:16:46,有人,2.1543
17:16:46,有人,2.1445
17:16:46,有人,2.1457
17:16:46,有人,2.1440
17:16:46,有人,2.1631
17:16:46,有人,2.1855
17:16:46,有人,2.2224
17:16:46,有人,2.2413
17:16:46,有人,2.2708
17:16:46,有人,2.2116
17:16:46,有人,1.8516
17:16:46,有人,1.7446
17:16:46,有人,1.7492
17:16:46,有人,1.7513
17:16:46,有人,1.7521
17:16:46,有人,1.7542
17:16:46,有人,1.6369
17:16:46,有人,1.6613
17:16:46,有人,1.7258
17:16:46,有人,1.7745
17:16:46,有人,1.6797
17:16:46,有人,1.5992
17:16:46,有人,1.5951
17:16:46,有人,1.6405
17:16:46,有人,1.6935
17:16:46,有人,1.7368
17:16:46,有人,1.8505
17:16:46,有人,2.0878
17:16:46,有人,2.1296
17:16:46,有人,2.1825
17:16:46,有人,2.2396
17:16:46,有人,2.2819
17:16:46,有人,2.4978
17:16:46,有人,2.4971
17:16:46,有人,2.5073
17:16:46,有人,2.4973
17:16:46,有人,2.5144
17:16:46,有人,2.5362
17:16:46,有人,2.5607
17:16:46,有人,2.6003
17:16:46,有人,2.6339
17:16:46,有人,2.6435
17:16:46,有人,2.6603
17:16:46,有人,2.6850
17:16:46,有人,2.6936
17:16:46,有人,2.7014
17:16:46,有人,2.7179
17:16:46,有人,2.7252
17:16:47,有人,2.7238
17:16:47,有人,2.7203
17:16:47,有人,2.7236
17:16:47,有人,2.7180
17:16:47,有人,2.7245
17:16:47,有人,2.7213
17:16:47,有人,2.7257
17:16:47,有人,2.7228
17:16:47,有人,2.7217
17:16:47,有人,2.7307
17:16:47,有人,2.7428
17:16:47,有人,2.7743
17:16:47,有人,2.7879
17:16:47,有人,2.8169
17:16:47,有人,2.8301
17:16:47,有人,2.8800
17:16:47,有人,2.9352
17:16:47,有人,2.9652
17:16:47,有人,3.0079
17:16:47,有人,3.0301
17:16:47,有人,3.0634
17:16:47,有人,3.0723
17:16:47,有人,3.0946
17:16:47,有人,3.1241
17:16:47,有人,3.1170
17:16:47,有人,3.1253
17:16:47,有人,3.1792
17:16:47,有人,3.2373
17:16:47,有人,3.2898
17:16:47,有人,3.3537
17:16:47,有人,3.4077
17:16:47,有人,3.4480
17:16:47,有人,3.5083
17:16:47,有人,3.5597
17:16:47,有人,3.6045
17:16:47,有人,3.6383
17:16:47,有人,3.6697
17:16:47,有人,3.6769
17:16:47,有人,3.6759
17:16:47,有人,3.6408
17:16:47,有人,3.6373
17:16:47,有人,3.6625
17:16:47,有人,3.6834
17:16:47,有人,3.6887
17:16:47,有人,3.7205
17:16:47,有人,3.7533
17:16:47,有人,3.7643
17:16:47,有人,3.7459
17:16:47,有人,3.7229
17:16:47,有人,3.7087
17:16:47,有人,3.6777
17:16:47,有人,3.6370
17:16:47,有人,3.5991
17:16:48,有人,3.5773
17:16:48,有人,3.5719
17:16:48,有人,3.5912
17:16:48,有人,3.6435
17:16:48,有人,3.6893
17:16:48,有人,3.7417
17:16:48,有人,3.8242
17:16:48,有人,3.8858
17:16:48,有人,3.9453
17:16:48,有人,3.9731
17:16:48,有人,4.0105
17:16:48,有人,4.0321
17:16:48,有人,4.0352
17:16:48,有人,4.0347
17:16:48,有人,4.0115
17:16:48,有人,3.9780
17:16:48,有人,3.9814
17:16:48,有人,3.9089
17:16:48,有人,3.8713
17:16:48,有人,3.8135
17:16:48,有人,3.8144
17:16:48,有人,3.8169
17:16:48,有人,3.8049
17:16:48,有人,3.8148
17:16:48,有人,3.8080
17:16:48,有人,3.7314
17:16:48,有人,3.6446
17:16:48,有人,3.6482
17:16:48,有人,3.6524
17:16:48,有人,3.6582
17:16:48,有人,3.6462
17:16:48,有人,3.5626
17:16:48,有人,3.5482
17:16:48,有人,3.5198
17:16:48,有人,3.5035
17:16:48,有人,3.5059
17:16:48,有人,3.5045
17:16:48,有人,3.4929
17:16:48,有人,3.4928
17:16:48,有人,3.4896
17:16:48,有人,3.5059
17:16:48,有人,3.4716
17:16:48,有人,3.5257
17:16:48,有人,3.6447
17:16:48,有人,3.7332
17:16:48,有人,3.8436
17:16:48,有人,4.0107
17:16:48,有人,4.1793
17:16:48,有人,4.2091
17:16:48,有人,4.2044
17:16:49,有人,4.2731
17:16:49,有人,4.2795
17:16:49,有人,4.3071
17:16:49,有人,4.3151
17:16:49,有人,4.3289
17:16:49,有人,4.3536
17:16:49,有人,4.4478
17:16:49,有人,4.6504
17:16:49,有人,4.7860
17:16:49,有人,5.1227
17:16:49,有人,5.7265
17:16:49,有人,6.1939
17:16:49,有人,6.4454
17:16:49,有人,6.4716
17:16:49,有人,6.5031
17:16:49,有人,6.5057
17:16:49,有人,6.5121
17:16:49,有人,6.4902
17:16:49,有人,6.4860
17:16:49,有人,6.4965
17:16:49,有人,6.5017
17:16:49,有人,6.5016
17:16:49,有人,6.5460
17:16:49,有人,6.6049
17:16:49,有人,6.6542
17:16:49,有人,6.6837
17:16:49,有人,6.7488
17:16:49,有人,6.7847
17:16:49,有人,6.7985
17:16:49,有人,6.8712
17:16:49,有人,6.8744
17:16:49,有人,6.8843
17:16:49,有人,6.9393
17:16:49,有人,6.9938
17:16:49,有人,7.0578
17:16:49,有人,7.1047
17:16:49,有人,7.2045
17:16:49,有人,7.2181
17:16:49,有人,7.2143
17:16:49,有人,7.2679
17:16:49,有人,7.2845
17:16:49,有人,7.2729
17:16:49,有人,7.2663
17:16:49,有人,7.2761
17:16:49,有人,7.3166
17:16:49,有人,7.3672
17:16:49,有人,7.3941
17:16:49,有人,7.4122
17:16:49,有人,7.4544
17:16:49,有人,7.5076
17:16:50,有人,7.5165
17:16:50,有人,7.5405
17:16:50,有人,7.5588
17:16:50,有人,7.5646
17:16:50,有人,7.5391
17:16:50,有人,7.4825
17:16:50,有人,7.4277
17:16:50,有人,7.3428
17:16:50,有人,7.2477
17:16:50,有人,7.1758
17:16:50,有人,7.0760
17:16:50,有人,6.9851
17:16:50,有人,6.8912
17:16:50,有人,6.8454
17:16:50,有人,6.8439
17:16:50,有人,6.8004
17:16:50,有人,6.7235
17:16:50,有人,6.6709
17:16:50,有人,6.6068
17:16:50,有人,6.5830
17:16:50,有人,6.5186
17:16:50,有人,6.5555
17:16:50,有人,6.6311
17:16:50,有人,6.6257
17:16:50,有人,6.6077
17:16:50,有人,6.6025
17:16:50,有人,6.6010
17:16:50,有人,6.6040
17:16:50,有人,6.5994
17:16:50,有人,6.5994
17:16:50,有人,6.7089
17:16:50,有人,6.7508
17:16:50,有人,6.8096
17:16:50,有人,6.8473
17:16:50,有人,6.8706
17:16:50,有人,6.9233
17:16:50,有人,6.9438
17:16:50,有人,6.9535
17:16:50,有人,6.9532
17:16:50,有人,6.9628
17:16:50,有人,6.9795
17:16:50,有人,6.9802
17:16:50,有人,6.9302
17:16:50,有人,6.8350
17:16:50,有人,6.7551
17:16:50,有人,6.6695
17:16:50,有人,6.4894
17:16:50,有人,6.2524
17:16:50,有人,6.1549
17:16:50,有人,6.0847
17:16:51,有人,5.9138
17:16:51,有人,5.7999
17:16:51,有人,5.6749
17:16:51,有人,5.6618
17:16:51,有人,5.6089
17:16:51,有人,5.5433
17:16:51,有人,5.4105
17:16:51,有人,5.1137
17:16:51,有人,4.7887
17:16:51,有人,4.3097
17:16:51,有人,3.5348
17:16:51,有人,2.8936
17:16:51,有人,2.4411
17:16:51,有人,2.4205
17:16:51,有人,2.4129
17:16:51,有人,2.4237
17:16:51,有人,2.3982
17:16:51,有人,2.3791
17:16:51,有人,2.3365
17:16:51,有人,2.2939
17:16:51,有人,2.2657
17:16:51,有人,2.2633
17:16:51,有人,2.2618
17:16:51,有人,2.2905
17:16:51,有人,2.2979
17:16:51,有人,2.3353
17:16:51,有人,2.3753
17:16:51,有人,2.3943
17:16:51,有人,2.3912
17:16:51,有人,2.3730
17:16:51,有人,2.3652
17:16:51,有人,2.3600
17:16:51,有人,2.3420
17:16:51,有人,2.3507
17:16:51,有人,2.3688
17:16:51,有人,2.4363
17:16:51,有人,2.3693
17:16:51,有人,2.3728
17:16:51,有人,2.3578
17:16:51,有人,2.3111
17:16:51,有人,2.3146
17:16:51,有人,2.3430
17:16:51,有人,2.3784
17:16:51,有人,2.4102
17:16:51,有人,2.4316
17:16:51,有人,2.4345
17:16:51,有人,2.3756
17:16:51,有人,2.3584
17:16:51,有人,2.3839
17:16:51,有人,2.3952
17:16:52,有人,2.4537
17:16:52,有人,2.4341
17:16:52,有人,2.3805
17:16:52,有人,2.3360
17:16:52,有人,2.3792
17:16:52,有人,2.4180
17:16:52,有人,2.3818
17:16:52,有人,2.3771
17:16:52,有人,2.3864
17:16:52,有人,2.4173
17:16:52,有人,2.4400
17:16:52,有人,2.5212
17:16:52,有人,2.6079
17:16:52,有人,2.6485
17:16:52,有人,2.6233
17:16:52,有人,2.6386
17:16:52,有人,2.6446
17:16:52,有人,2.6636
17:16:52,有人,2.6901
17:16:52,有人,2.7207
17:16:52,有人,2.7474
17:16:52,有人,2.6866
17:16:52,有人,2.5804
17:16:52,有人,2.5476
17:16:52,有人,2.5523
17:16:52,有人,2.5683
17:16:52,有人,2.5840
17:16:52,有人,2.5862
17:16:52,有人,2.5801
17:16:52,有人,2.5459
17:16:52,有人,2.3922
17:16:52,有人,2.3257
17:16:52,有人,2.2377
17:16:52,有人,2.2181
17:16:52,有人,2.2236
17:16:52,有人,2.2166
17:16:52,有人,2.2176
17:16:52,有人,2.2020
17:16:52,有人,2.2042
17:16:52,有人,2.2285
17:16:52,有人,2.5012
17:16:52,有人,2.7133
17:16:52,有人,2.8081
17:16:52,有人,2.8426
17:16:52,有人,2.8556
17:16:52,有人,2.8396
17:16:52,有人,2.8313
17:16:52,有人,2.8469
17:16:52,有人,2.8529
17:16:52,有人,2.8291
17:16:53,有人,2.8420
17:16:53,有人,2.8651
17:16:53,有人,2.8912
17:16:53,有人,2.8078
17:16:53,有人,2.8029
17:16:53,有人,2.7998
17:16:53,有人,2.7944
17:16:53,有人,2.8328
17:16:53,有人,2.8802
17:16:53,有人,2.9263
17:16:53,有人,2.9771
17:16:53,有人,3.0300
17:16:53,有人,3.0830
17:16:53,有人,3.1308
17:16:53,有人,3.1856
17:16:53,有人,3.2366
17:16:53,有人,3.2933
17:16:53,有人,3.3515
17:16:53,有人,3.4033
17:16:53,有人,3.4677
17:16:53,有人,3.5214
17:16:53,有人,3.5589
17:16:53,有人,3.5712
17:16:53,有人,3.5069
17:16:53,有人,3.4789
17:16:53,有人,3.5247
17:16:53,有人,3.5657
17:16:53,有人,3.6125
17:16:53,有人,3.6300
17:16:53,有人,3.6251
17:16:53,有人,3.6376
17:16:53,有人,3.6491
17:16:53,有人,3.6681
17:16:53,有人,3.7029
17:16:53,有人,3.7510
17:16:53,有人,3.7931
17:16:53,有人,3.8664
17:16:53,有人,3.9606
17:16:53,有人,4.0315
17:16:53,有人,4.1374
17:16:53,有人,4.2280
17:16:53,有人,4.3183
17:16:53,有人,4.3871
17:16:53,有人,4.4306
17:16:53,有人,4.4543
17:16:53,有人,4.4557
17:16:53,有人,4.4465
17:16:53,有人,4.3643
17:16:53,有人,4.3270
17:16:53,有人,4.3101
17:16:54,有人,4.3077
17:16:54,有人,4.3079
17:16:54,有人,4.2937
17:16:54,有人,4.1985
17:16:54,有人,3.9681
17:16:54,有人,3.8223
17:16:54,有人,3.7559
17:16:54,有人,3.7455
17:16:54,有人,3.8676
17:16:54,有人,3.9637
17:16:54,有人,4.0403
17:16:54,有人,4.0938
17:16:54,有人,4.1980
17:16:54,有人,4.3428
17:16:54,有人,4.4296
17:16:54,有人,4.4757
17:16:54,有人,4.5053
17:16:54,有人,4.5116
17:16:54,有人,4.5272
17:16:54,有人,4.5496
17:16:54,有人,4.5903
17:16:54,有人,4.6178
17:16:54,有人,4.6205
17:16:54,有人,4.6291
17:16:54,有人,4.6302
17:16:54,有人,4.6352
17:16:54,有人,4.6476
17:16:54,有人,4.6482
17:16:54,有人,4.6428
17:16:54,有人,4.6228
17:16:54,有人,4.5778
17:16:54,有人,4.5466
17:16:54,有人,4.4820
17:16:54,有人,4.3906
17:16:54,有人,4.4054
17:16:54,有人,4.4076
17:16:54,有人,4.3905
17:16:54,有人,4.3707
17:16:54,有人,4.3114
17:16:54,有人,4.2276
17:16:54,有人,3.7758
17:16:54,有人,3.3765
17:16:54,有人,3.1586
17:16:54,有人,3.0394
17:16:54,有人,2.9877
17:16:54,有人,2.9788
17:16:54,有人,2.9925
17:16:54,有人,3.0159
17:16:54,有人,3.0336
17:16:54,有人,3.0545
17:16:55,有人,3.0574
17:16:55,有人,3.0607
17:16:55,有人,3.0398
17:16:55,有人,3.0387
17:16:55,有人,3.0293
17:16:55,有人,3.0235
17:16:55,有人,3.0214
17:16:55,有人,3.0189
17:16:55,有人,3.0174
17:16:55,有人,3.0089
17:16:55,有人,3.0018
17:16:55,有人,3.0237
17:16:55,有人,3.0361
17:16:55,有人,3.0586
17:16:55,有人,3.0693
17:16:55,有人,3.0887
17:16:55,有人,3.1024
17:16:55,有人,3.1160
17:16:55,有人,3.1082
17:16:55,有人,3.0709
17:16:55,有人,3.0408
17:16:55,有人,3.0125
17:16:55,有人,2.9789
17:16:55,有人,2.9468
17:16:55,有人,2.9191
17:16:55,有人,2.8859
17:16:55,有人,2.8595
17:16:55,有人,2.8263
17:16:55,有人,2.7978
17:16:55,有人,2.7646
17:16:55,有人,2.7343
17:16:55,有人,2.7049
17:16:55,有人,2.6779
17:16:55,有人,2.6385
17:16:55,有人,2.5918
17:16:55,有人,2.5328
17:16:55,有人,2.4490
17:16:55,有人,2.3402
17:16:55,有人,2.2338
17:16:55,有人,2.0994
17:16:55,有人,1.9777
17:16:55,有人,1.8691
17:16:55,有人,1.7778
17:16:55,有人,1.7141
17:16:55,有人,1.6794
17:16:55,有人,1.6540
17:16:55,有人,1.6449
17:16:55,有人,1.6421
17:16:55,有人,1.6528
17:16:55,有人,1.6630
17:16:56,有人,1.6840
17:16:56,有人,1.7021
17:16:56,有人,1.7191
17:16:56,有人,1.7339
17:16:56,有人,1.7405
17:16:56,有人,1.7339
17:16:56,有人,1.7205
17:16:56,有人,1.6938
17:16:56,有人,1.6242
17:16:56,有人,1.5692
17:16:56,有人,1.5141
17:16:56,有人,1.4760
17:16:56,有人,1.4064
17:16:56,有人,1.2981
17:16:56,有人,1.2375
17:16:56,有人,1.2063
17:16:56,有人,1.1992
17:16:56,有人,1.1948
17:16:56,没人,1.1758
17:16:56,没人,1.1516
17:16:56,没人,1.0925
17:16:56,没人,1.0495
17:16:56,没人,1.0188
17:16:56,没人,1.0025
17:16:56,没人,1.0028
17:16:56,没人,1.0065
17:16:56,没人,1.0137
17:16:56,没人,1.0142
17:16:56,没人,1.0184
17:16:56,没人,1.0191
17:16:56,没人,1.0155
17:16:56,没人,1.0166
17:16:56,没人,1.0281
17:16:56,没人,1.0353
17:16:56,没人,1.0307
17:16:56,没人,1.0336
17:16:56,没人,1.0405
17:16:56,没人,1.0554
17:16:56,没人,1.0751
17:16:56,没人,1.0858
17:16:56,没人,1.0957
17:16:56,没人,1.1099
17:16:56,没人,1.1113
17:16:56,没人,1.1110
17:16:56,没人,1.0927
17:16:56,没人,1.0862
17:16:56,没人,1.0808
17:16:56,没人,1.0782
17:16:56,没人,1.0778
17:16:56,没人,1.0745
17:16:57,没人,1.0731
17:16:57,没人,1.0725
17:16:57,没人,1.0744
17:16:57,没人,1.0782
17:16:57,没人,1.0751
17:16:57,没人,1.0713
17:16:57,没人,1.0636
17:16:57,没人,1.0510
17:16:57,没人,1.0376
17:16:57,没人,1.0274
17:16:57,没人,1.0266
17:16:57,没人,1.0156
17:16:57,没人,1.0150
17:16:57,没人,1.0109
17:16:57,没人,1.0113
17:16:57,没人,1.0042
17:16:57,没人,1.0049
17:16:57,没人,0.9989
17:16:57,没人,1.0126
17:16:57,没人,1.0218
17:16:57,没人,1.0188
17:16:57,没人,1.0191
17:16:57,没人,1.0083
17:16:57,没人,1.0009
17:16:57,没人,0.9901
17:16:57,没人,0.9813
17:16:57,没人,0.9747
17:16:57,没人,0.9715
17:16:57,没人,0.9789
17:16:57,没人,1.0088
17:16:57,没人,1.0502
17:16:57,没人,1.0760
17:16:57,没人,1.0846
17:16:57,没人,1.1143
17:16:57,没人,1.1936
17:16:57,没人,1.2826
17:16:57,没人,1.3019
17:16:57,没人,1.3028
17:16:57,没人,1.3000
17:16:57,没人,1.2866
17:16:57,没人,1.2860
17:16:57,没人,1.3056
17:16:57,没人,1.4051
17:16:57,没人,1.5529
17:16:57,没人,1.6148
17:16:57,有人,1.6727
17:16:57,有人,1.7457
17:16:57,有人,1.8164
17:16:57,有人,1.8948
17:16:57,有人,1.9350
17:16:58,有人,1.9407
17:16:58,有人,1.9470
17:16:58,有人,1.9486
17:16:58,有人,1.9470
17:16:58,有人,1.9478
17:16:58,有人,1.9564
17:16:58,有人,1.9663
17:16:58,有人,2.0333
17:16:58,有人,2.2007
17:16:58,有人,2.4783
17:16:58,有人,2.8418
17:16:58,有人,3.0766
17:16:58,有人,3.2035
17:16:58,有人,3.2851
17:16:58,有人,3.3728
17:16:58,有人,3.5079
17:16:58,有人,3.6650
17:16:58,有人,3.8201
17:16:58,有人,4.0515
17:16:58,有人,4.2613
17:16:58,有人,4.5321
17:16:58,有人,4.7650
17:16:58,有人,4.9286
17:16:58,有人,5.0560
17:16:58,有人,5.1617
17:16:58,有人,5.2898
17:16:58,有人,5.3562
17:16:58,有人,5.4220
17:16:58,有人,5.4947
17:16:58,有人,5.5313
17:16:58,有人,5.5859
17:16:58,有人,5.6239
17:16:58,有人,5.6497
17:16:58,有人,5.6826
17:16:58,有人,5.7559
17:16:58,有人,5.8842
17:16:58,有人,6.0745
17:16:58,有人,6.3912
17:16:58,有人,6.7748
17:16:58,有人,7.0779
17:16:58,有人,7.4287
17:16:58,有人,7.7636
17:16:58,有人,8.1742
17:16:58,有人,8.6512
17:16:58,有人,9.1963
17:16:58,有人,9.7917
17:16:58,有人,10.4682
17:16:58,有人,11.1695
17:16:58,有人,11.8059
17:16:59,有人,12.4018
17:16:59,有人,12.9567
17:16:59,有人,13.5791
17:16:59,有人,14.0889
17:16:59,有人,14.6642
17:16:59,有人,15.2394
17:16:59,有人,15.6585
17:16:59,有人,16.0693
17:16:59,有人,16.6271
17:16:59,有人,17.1663
17:16:59,有人,17.6172
17:16:59,有人,18.1419
17:16:59,有人,18.7056
17:16:59,有人,18.9695
17:16:59,有人,19.4466
17:16:59,有人,19.6559
17:16:59,有人,20.0309
17:16:59,有人,20.4270
17:16:59,有人,20.7726
17:16:59,有人,21.0388
17:16:59,有人,21.2847
17:16:59,有人,21.4665
17:16:59,有人,21.6390
17:16:59,有人,21.8237
17:16:59,有人,22.0057
17:16:59,有人,22.1330
17:16:59,有人,22.2607
17:16:59,有人,22.4042
17:16:59,有人,22.5239
17:16:59,有人,22.6311
17:16:59,有人,22.7287
17:16:59,有人,22.7539
17:16:59,有人,22.6889
17:16:59,有人,22.6209
17:16:59,有人,22.5428
17:16:59,有人,22.5038
17:16:59,有人,22.4906
17:16:59,有人,22.6633
17:16:59,有人,22.7799
17:16:59,有人,22.7530
17:16:59,有人,22.6654
17:16:59,有人,22.6932
17:16:59,有人,22.7496
17:16:59,有人,22.7987
17:16:59,有人,22.5345
17:16:59,有人,22.2932
17:16:59,有人,22.0888
17:16:59,有人,21.9554
17:16:59,有人,21.7554
17:16:59,有人,21.4899
17:16:59,有人,21.2736
17:16:59,有人,21.1384
17:16:59,有人,21.0780
17:16:59,有人,21.0563
17:16:59,有人,21.1013
17:16:59,有人,21.2364
17:17:00,有人,21.2278
17:17:00,有人,21.1802
17:17:00,有人,21.2119
17:17:00,有人,21.3415
17:17:00,有人,21.3699
17:17:00,有人,21.3198
17:17:00,有人,21.4810
17:17:00,有人,21.7139
17:17:00,有人,21.6976
17:17:00,有人,21.5353
17:17:00,有人,21.3643
17:17:00,有人,20.9854
17:17:00,有人,20.5818
17:17:00,有人,20.0499
17:17:00,有人,19.6009
17:17:00,有人,18.9634
17:17:00,有人,18.3611
17:17:00,有人,17.9009
17:17:00,有人,17.4615
17:17:00,有人,17.0643
17:17:00,有人,16.7228
17:17:00,有人,16.4436
17:17:00,有人,16.1325
17:17:00,有人,15.6709
17:17:00,有人,15.2500
17:17:00,有人,14.8215
17:17:00,有人,14.4178
17:17:00,有人,14.0283
17:17:00,有人,13.8753
17:17:00,有人,13.7449
17:17:00,有人,13.4858
17:17:00,有人,13.2241
17:17:00,有人,13.2560
17:17:00,有人,13.6185
17:17:00,有人,14.2495
17:17:00,有人,14.7527
17:17:00,有人,14.7351
17:17:00,有人,15.1322
17:17:00,有人,15.1315
17:17:00,有人,15.5673
17:17:00,有人,15.9721
17:17:00,有人,16.3319
17:17:00,有人,16.7438
17:17:00,有人,17.0228
17:17:00,有人,17.3651
17:17:00,有人,17.5434
17:17:00,有人,17.6735
17:17:00,有人,17.9705
17:17:00,有人,18.2269
17:17:00,有人,18.4018
17:17:00,有人,18.6677
17:17:00,有人,18.7949
17:17:00,有人,18.7231
17:17:01,有人,18.6070
17:17:01,有人,18.5238
17:17:01,有人,18.2974
17:17:01,有人,18.0771
17:17:01,有人,18.1361
17:17:01,有人,18.1627
17:17:01,有人,18.1119
17:17:01,有人,17.9669
17:17:01,有人,17.8045
17:17:01,有人,17.6592
17:17:01,有人,17.6286
17:17:01,有人,17.7409
17:17:01,有人,18.0394
17:17:01,有人,18.2034
17:17:01,有人,18.1813
17:17:01,有人,18.1283
17:17:01,有人,18.1831
17:17:01,有人,18.3348
17:17:01,有人,18.4122
17:17:01,有人,18.3977
17:17:01,有人,18.3048
17:17:01,有人,18.4241
17:17:01,有人,18.3525
17:17:01,有人,18.6654
17:17:01,有人,18.9836
17:17:01,有人,19.3553
17:17:01,有人,19.4766
17:17:01,有人,19.4824
17:17:01,有人,19.3430
17:17:01,有人,19.3261
17:17:01,有人,19.4928
17:17:01,有人,19.6123
17:17:01,有人,19.4655
17:17:01,有人,19.1856
17:17:01,有人,18.8466
17:17:01,有人,18.8920
17:17:01,有人,18.9100
17:17:01,有人,18.8154
17:17:01,有人,18.6307
17:17:01,有人,18.5541
17:17:01,有人,18.3720
17:17:01,有人,18.2795
17:17:01,有人,18.2590
17:17:01,有人,18.1984
17:17:01,有人,18.1513
17:17:01,有人,18.2805
17:17:01,有人,18.3009
17:17:01,有人,18.4888
17:17:01,有人,18.5109
17:17:01,有人,18.3355
17:17:02,有人,17.9272
17:17:02,有人,17.5390
17:17:02,有人,17.4076
17:17:02,有人,17.3734
17:17:02,有人,17.4199
17:17:02,有人,17.4887
17:17:02,有人,17.4595
17:17:02,有人,17.1208
17:17:02,有人,16.9178
17:17:02,有人,16.8254
17:17:02,有人,16.7850
17:17:02,有人,16.7101
17:17:02,有人,16.6575
17:17:02,有人,16.5835
17:17:02,有人,16.5165
17:17:02,有人,16.4493
17:17:02,有人,16.3928
17:17:02,有人,16.4637
17:17:02,有人,16.5456
17:17:02,有人,16.5813
17:17:02,有人,16.5454
17:17:02,有人,16.7243
17:17:02,有人,16.7036
17:17:02,有人,16.9619
17:17:02,有人,17.4124
17:17:02,有人,17.6999
17:17:02,有人,17.8020
17:17:02,有人,17.8511
17:17:02,有人,17.9697
17:17:02,有人,17.9753
17:17:02,有人,17.8604
17:17:02,有人,17.8716
17:17:02,有人,17.8722
17:17:02,有人,18.0243
17:17:02,有人,18.0201
17:17:02,有人,18.0610
17:17:02,有人,18.1189
17:17:02,有人,18.3001
17:17:02,有人,18.4145
17:17:02,有人,18.3144
17:17:02,有人,18.1729
17:17:02,有人,18.0132
17:17:02,有人,18.0356
17:17:02,有人,18.0282
17:17:02,有人,17.9234
17:17:02,有人,17.8175
17:17:02,有人,17.7367
17:17:02,有人,17.7172
17:17:02,有人,17.6933
17:17:02,有人,17.6700
17:17:02,有人,17.6648
17:17:03,有人,17.6357
17:17:03,有人,17.5680
17:17:03,有人,17.3421
17:17:03,有人,16.8129
17:17:03,有人,16.2655
17:17:03,有人,15.8402
17:17:03,有人,15.5353
17:17:03,有人,15.2267
17:17:03,有人,14.9000
17:17:03,有人,14.4792
17:17:03,有人,13.8817
17:17:03,有人,13.1737
17:17:03,有人,12.7212
17:17:03,有人,12.5290
17:17:03,有人,12.4712
17:17:03,有人,12.4683
17:17:03,有人,12.4444
17:17:03,有人,12.4573
17:17:03,有人,12.4667
17:17:03,有人,12.2217
17:17:03,有人,11.6103
17:17:03,有人,11.6299
17:17:03,有人,11.6249
17:17:03,有人,11.7483
17:17:03,有人,11.6510
17:17:03,有人,11.6498
17:17:03,有人,11.4923
17:17:03,有人,11.3513
17:17:03,有人,11.2345
17:17:03,有人,11.1670
17:17:03,有人,11.1476
17:17:03,有人,11.1543
17:17:03,有人,11.1448
17:17:03,有人,11.1121
17:17:03,有人,11.0397
17:17:03,有人,10.9809
17:17:03,有人,10.9855
17:17:03,有人,10.9849
17:17:03,有人,10.9522
17:17:03,有人,11.0530
17:17:03,有人,11.0068
17:17:03,有人,11.0144
17:17:03,有人,11.1633
17:17:03,有人,11.2625
17:17:03,有人,11.2685
17:17:03,有人,11.3108
17:17:03,有人,11.1495
17:17:03,有人,11.0585
17:17:03,有人,10.9294
17:17:04,有人,10.8654
17:17:04,有人,10.8611
17:17:04,有人,10.8265
17:17:04,有人,10.7718
17:17:04,有人,10.7130
17:17:04,有人,10.6630
17:17:04,有人,10.6386
17:17:04,有人,10.6179
17:17:04,有人,10.6127
17:17:04,有人,10.6103
17:17:04,有人,10.6118
17:17:04,有人,10.6010
17:17:04,有人,10.5749
17:17:04,有人,10.5583
17:17:04,有人,10.5481
17:17:04,有人,10.5774
17:17:04,有人,10.6184
17:17:04,有人,10.5202
17:17:04,有人,10.4014
17:17:04,有人,10.2912
17:17:04,有人,10.4372
17:17:04,有人,10.4189
17:17:04,有人,10.5139
17:17:04,有人,10.4737
17:17:04,有人,10.2618
17:17:04,有人,10.3716
17:17:04,有人,10.7997
17:17:04,有人,11.0504
17:17:04,有人,11.0736
17:17:04,有人,11.2345
17:17:04,有人,11.3313
17:17:04,有人,11.2615
17:17:04,有人,11.2446
17:17:04,有人,11.1523
17:17:04,有人,11.3328
17:17:04,有人,11.3737
17:17:04,有人,11.4262
17:17:04,有人,11.5092
17:17:04,有人,11.5047
17:17:04,有人,11.4778
17:17:04,有人,11.5718
17:17:04,有人,11.6030
17:17:04,有人,11.6266
17:17:04,有人,11.6413
17:17:04,有人,11.5885
17:17:04,有人,11.4556
17:17:04,有人,11.2695
17:17:04,有人,11.0700
17:17:04,有人,11.0171
17:17:04,有人,11.0530
17:17:05,有人,11.1014
17:17:05,有人,11.1562
17:17:05,有人,11.1868
17:17:05,有人,11.1990
17:17:05,有人,11.2054
17:17:05,有人,11.2203
17:17:05,有人,11.2547
17:17:05,有人,11.2774
17:17:05,有人,11.2809
17:17:05,有人,11.3024
17:17:05,有人,11.2978
17:17:05,有人,11.3058
17:17:05,有人,11.3054
17:17:05,有人,11.2983
17:17:05,有人,11.3317
17:17:05,有人,11.3547
17:17:05,有人,11.4121
17:17:05,有人,11.5130
17:17:05,有人,11.5488
17:17:05,有人,11.6052
17:17:05,有人,11.6185
17:17:05,有人,11.7214
17:17:05,有人,11.4745
17:17:05,有人,11.2982
17:17:05,有人,11.0271
17:17:05,有人,10.8407
17:17:05,有人,10.6284
17:17:05,有人,10.6189
17:17:05,有人,10.5853
17:17:05,有人,10.5437
17:17:05,有人,10.5031
17:17:05,有人,10.5000
17:17:05,有人,10.5039
17:17:05,有人,10.5117
17:17:05,有人,10.5046
17:17:05,有人,10.5121
17:17:05,有人,10.4971
17:17:05,有人,10.4215
17:17:05,有人,10.2998
17:17:05,有人,10.1342
17:17:05,有人,9.9196
17:17:05,有人,9.8809
17:17:05,有人,9.7462
17:17:05,有人,9.5514
17:17:05,有人,9.4272
17:17:05,有人,9.3108
17:17:05,有人,9.2324
17:17:05,有人,9.2103
17:17:05,有人,9.1953
17:17:05,有人,9.1906
17:17:05,有人,9.1734
17:17:06,有人,9.1450
17:17:06,有人,9.1266
17:17:06,有人,9.1186
17:17:06,有人,9.1171
17:17:06,有人,9.1201
17:17:06,有人,9.1273
17:17:06,有人,9.1294
17:17:06,有人,9.1333
17:17:06,有人,9.1261
17:17:06,有人,9.1226
17:17:06,有人,9.1249
17:17:06,有人,9.1346
17:17:06,有人,9.1370
17:17:06,有人,9.1212
17:17:06,有人,9.0798
17:17:06,有人,9.0230
17:17:06,有人,9.0065
17:17:06,有人,8.9720
17:17:06,有人,8.9146
17:17:06,有人,8.7240
17:17:06,有人,8.4770
17:17:06,有人,8.1052
17:17:06,有人,7.7488
17:17:06,有人,7.3764
17:17:06,有人,6.9194
17:17:06,有人,6.3048
17:17:06,有人,5.7704
17:17:06,有人,5.4187
17:17:06,有人,5.1118
17:17:06,有人,4.8734
17:17:06,有人,4.6521
17:17:06,有人,4.4365
17:17:06,有人,4.1792
17:17:06,有人,3.7914
17:17:06,有人,3.3654
17:17:06,有人,2.9079
17:17:06,有人,2.2987
17:17:06,有人,1.8519
17:17:06,有人,1.7063
17:17:06,有人,1.5091
17:17:06,有人,1.3977
17:17:06,有人,1.3259
17:17:06,有人,1.2943
17:17:06,有人,1.3176
17:17:06,有人,1.3886
17:17:06,有人,1.4289
17:17:06,有人,1.5058
17:17:06,有人,1.6054
17:17:06,有人,1.6460
17:17:06,有人,1.6953
17:17:07,有人,1.7446
17:17:07,有人,1.8169
17:17:07,有人,1.8757
17:17:07,有人,1.9346
17:17:07,有人,2.0122
17:17:07,有人,2.1019
17:17:07,有人,2.1873
17:17:07,有人,2.3953
17:17:07,有人,2.7511
17:17:07,有人,3.2669
17:17:07,有人,3.8206
17:17:07,有人,4.3534
17:17:07,有人,4.8068
17:17:07,有人,5.0612
17:17:07,有人,5.0973
17:17:07,有人,5.0929
17:17:07,有人,5.0485
17:17:07,有人,5.0654
17:17:07,有人,5.0693
17:17:07,有人,5.1162
17:17:07,有人,5.0119
17:17:07,有人,5.1412
17:17:07,有人,5.2183
17:17:07,有人,5.2976
17:17:07,有人,5.4048
17:17:07,有人,5.5406
17:17:07,有人,5.8062
17:17:07,有人,6.0008
17:17:07,有人,6.1608
17:17:07,有人,6.3032
17:17:07,有人,6.3744
17:17:07,有人,6.4774
17:17:07,有人,6.5015
17:17:07,有人,6.5078
17:17:07,有人,6.5044
17:17:07,有人,6.5031
17:17:07,有人,6.5664
17:17:07,有人,6.5677
17:17:07,有人,6.5764
17:17:07,有人,6.5778
17:17:07,有人,6.5634
17:17:07,有人,6.5607
17:17:07,有人,6.5637
17:17:07,有人,6.5901
17:17:07,有人,6.5929
17:17:07,有人,6.5926
17:17:07,有人,6.5997
17:17:07,有人,6.6073
17:17:07,有人,6.6089
17:17:08,有人,6.6009
17:17:08,有人,6.5922
17:17:08,有人,6.6105
17:17:08,有人,6.6183
17:17:08,有人,6.6212
17:17:08,有人,6.6441
17:17:08,有人,6.6607
17:17:08,有人,6.6814
17:17:08,有人,6.6964
17:17:08,有人,6.7132
17:17:08,有人,6.7132
17:17:08,有人,6.7222
17:17:08,有人,6.7281
17:17:08,有人,6.7344
17:17:08,有人,6.7440
17:17:08,有人,6.7702
17:17:08,有人,6.7743
17:17:08,有人,6.7935
17:17:08,有人,6.8019
17:17:08,有人,6.8188
17:17:08,有人,6.8215
17:17:08,有人,6.8199
17:17:08,有人,6.8287
17:17:08,有人,6.8368
17:17:08,有人,6.8375
17:17:08,有人,6.8335
17:17:08,有人,6.8347
17:17:08,有人,6.8381
17:17:08,有人,6.8339
17:17:08,有人,6.8418
17:17:08,有人,6.8291
17:17:08,有人,6.8252
17:17:08,有人,6.8146
17:17:08,有人,6.7855
17:17:08,有人,6.7703
17:17:08,有人,6.7548
17:17:08,有人,6.7415
17:17:08,有人,6.7304
17:17:08,有人,6.7047
17:17:08,有人,6.6752
17:17:08,有人,6.6976
17:17:08,有人,6.6565
17:17:08,有人,6.5851
17:17:08,有人,6.5153
17:17:08,有人,6.4258
17:17:08,有人,6.3149
17:17:08,有人,6.2154
17:17:08,有人,6.0764
17:17:08,有人,5.9125
17:17:08,有人,5.8154
17:17:09,有人,5.7119
17:17:09,有人,5.6185
17:17:09,有人,5.5006
17:17:09,有人,5.4082
17:17:09,有人,5.3413
17:17:09,有人,5.2365
17:17:09,有人,5.1396
17:17:09,有人,5.0928
17:17:09,有人,5.0009
17:17:09,有人,4.7429
17:17:09,有人,4.3341
17:17:09,有人,3.8629
17:17:09,有人,3.3857
17:17:09,有人,3.0126
17:17:09,有人,2.8275
17:17:09,有人,2.8084
17:17:09,有人,2.7954
17:17:09,有人,2.7635
17:17:09,有人,2.7167
17:17:09,有人,2.6772
17:17:09,有人,2.6300
17:17:09,有人,2.5716
17:17:09,有人,2.4721
17:17:09,有人,2.6804
17:17:09,有人,2.8822
17:17:09,有人,2.7958
17:17:09,有人,2.9105
17:17:09,有人,2.6450
17:17:09,有人,2.4277
17:17:09,有人,2.2238
17:17:09,有人,2.0290
17:17:09,有人,1.9077
17:17:09,有人,1.7531
17:17:09,有人,1.6898
17:17:09,有人,1.6573
17:17:09,有人,1.6375
17:17:09,有人,1.6208
17:17:09,有人,1.5271
17:17:09,有人,1.4913
17:17:09,有人,1.4385
17:17:09,有人,1.3989
17:17:09,有人,1.3710
17:17:09,有人,1.3593
17:17:09,有人,1.3506
17:17:09,有人,1.3415
17:17:09,有人,1.3280
17:17:09,有人,1.3227
17:17:09,有人,1.3167
17:17:09,有人,1.3117
17:17:09,有人,1.3141
17:17:09,有人,1.3134
17:17:09,有人,1.3138
17:17:09,有人,1.3100
17:17:10,有人,1.3098
17:17:10,有人,1.3158
17:17:10,有人,1.3227
17:17:10,有人,1.3119
17:17:10,有人,1.3058
17:17:10,有人,1.3016
17:17:10,有人,1.2960
17:17:10,有人,1.2948
17:17:10,有人,1.2907
17:17:10,有人,1.2850
17:17:10,有人,1.2805
17:17:10,有人,1.2775
17:17:10,有人,1.2661
17:17:10,有人,1.2621
17:17:10,有人,1.2459
17:17:10,有人,1.2386
17:17:10,有人,1.2381
17:17:10,有人,1.2329
17:17:10,有人,1.2276
17:17:10,有人,1.2315
17:17:10,有人,1.2216
17:17:10,有人,1.2216
17:17:10,有人,1.2172
17:17:10,有人,1.2143
17:17:10,有人,1.2077
17:17:10,有人,1.2086
17:17:10,有人,1.2008
17:17:10,有人,1.2058
17:17:10,有人,1.2043
17:17:10,有人,1.2042
17:17:10,有人,1.2444
17:17:10,有人,1.2452
17:17:10,有人,1.2452
17:17:10,有人,1.2459
17:17:10,有人,1.2473
17:17:10,有人,1.2477
17:17:10,有人,1.2422
17:17:10,有人,1.1944
17:17:10,有人,1.1948
17:17:10,没人,1.1935
17:17:10,没人,1.1897
17:17:10,没人,1.1860
17:17:10,没人,1.1842
17:17:10,没人,1.1823
17:17:10,没人,1.1866
17:17:10,没人,1.1867
17:17:10,没人,1.1859
17:17:10,没人,1.1791
17:17:10,没人,1.1719
17:17:11,没人,1.1704
17:17:11,没人,1.1683
17:17:11,没人,1.1700
17:17:11,没人,1.1681
17:17:11,没人,1.1644
17:17:11,没人,1.1644
17:17:11,没人,1.1640
17:17:11,没人,1.1652
17:17:11,没人,1.1743
17:17:11,没人,1.1775
17:17:11,没人,1.1922
17:17:11,没人,1.1888
17:17:11,没人,1.1895
17:17:11,没人,1.1898
17:17:11,没人,1.1884
17:17:11,没人,1.1877
17:17:11,没人,1.1860
17:17:11,没人,1.1845
17:17:11,没人,1.1930
17:17:11,没人,1.1929
17:17:11,没人,1.1944
17:17:11,没人,0.9412
17:17:11,没人,0.6643
17:17:11,没人,0.6783
17:17:11,没人,0.4271
17:17:11,没人,0.4255
17:17:11,没人,0.4205
17:17:11,没人,0.4202
17:17:11,没人,0.4232
17:17:11,没人,0.4255
17:17:11,没人,0.4216
17:17:11,没人,0.4196
17:17:11,没人,0.4220
17:17:11,没人,0.4206
17:17:11,没人,0.7284
17:17:11,没人,1.0442
17:17:11,没人,1.4081
17:17:11,没人,1.4069
17:17:11,没人,1.4075
17:17:11,没人,1.4093
17:17:11,没人,1.4053
17:17:11,没人,1.4042
17:17:11,没人,1.4058
17:17:11,没人,1.4010
17:17:11,没人,1.4020
17:17:11,没人,1.3995
17:17:11,没人,1.3976
17:17:11,没人,1.3985
17:17:11,没人,1.4001
17:17:11,没人,1.4016
17:17:11,没人,1.4000
17:17:11,没人,1.4014
17:17:11,没人,1.3983
17:17:12,没人,1.3798
17:17:12,没人,1.3870
17:17:12,没人,1.3879
17:17:12,没人,1.3834
17:17:12,没人,1.3848
17:17:12,没人,1.3863
17:17:12,没人,1.3851
17:17:12,没人,1.3852
17:17:12,没人,1.3905
17:17:12,没人,1.3882
17:17:12,没人,1.6459
17:17:12,没人,1.6483
17:17:12,有人,1.6488
17:17:12,有人,1.6498
17:17:12,有人,1.6431
17:17:12,有人,1.6413
17:17:12,有人,1.6374
17:17:12,有人,1.6208
17:17:12,有人,1.6205
17:17:12,有人,1.6204
17:17:12,有人,1.6238
17:17:12,有人,1.8787
17:17:12,有人,1.8766
17:17:12,有人,1.8838
17:17:12,有人,2.2015
17:17:12,有人,2.5121
17:17:12,有人,2.8204
17:17:12,有人,2.8205
17:17:12,有人,3.0791
17:17:12,有人,3.0769
17:17:12,有人,3.0749
17:17:12,有人,3.0743
17:17:12,有人,3.0682
17:17:12,有人,3.0685
17:17:12,有人,3.0667
17:17:12,有人,3.0680
17:17:12,有人,3.0665
17:17:12,有人,3.0670
17:17:12,有人,3.0696
17:17:12,有人,3.0743
17:17:12,有人,3.0708
17:17:12,有人,3.0715
17:17:12,有人,3.0662
17:17:12,有人,3.0694
17:17:12,有人,3.0685
17:17:12,有人,3.0665
17:17:12,有人,3.0658
17:17:12,有人,3.0632
17:17:12,有人,3.0708
17:17:12,有人,3.0699
17:17:12,有人,3.0664
17:17:12,有人,3.0704
17:17:12,有人,3.0745
17:17:12,有人,3.0761
17:17:12,有人,3.1026
17:17:12,有人,3.0931
17:17:13,有人,3.0896
17:17:13,有人,3.0800
17:17:13,有人,3.0810
17:17:13,有人,3.0811
17:17:13,有人,3.0825
17:17:13,有人,3.0812
17:17:13,有人,3.0816
17:17:13,有人,3.0813
17:17:13,有人,3.0824
17:17:13,有人,3.0725
17:17:13,有人,3.0723
17:17:13,有人,3.0712
17:17:13,有人,3.0700
17:17:13,有人,3.0716
17:17:13,有人,3.0528
17:17:13,有人,3.0508
17:17:13,有人,3.0516
17:17:13,有人,3.0554
17:17:13,有人,3.0569
17:17:13,有人,3.0519
17:17:13,有人,3.0900
17:17:13,有人,3.0876
17:17:13,有人,3.0872
17:17:13,有人,3.0854
17:17:13,有人,3.0848
17:17:13,有人,2.8222
17:17:13,有人,2.5184
17:17:13,有人,2.1532
17:17:13,有人,2.1563
17:17:13,有人,2.1562
17:17:13,有人,2.1538
17:17:13,有人,2.1607
17:17:13,有人,2.1865
17:17:13,有人,2.1896
17:17:13,有人,2.1887
17:17:13,有人,2.1871
17:17:13,有人,2.5328
17:17:13,有人,2.5363
17:17:13,有人,2.5373
17:17:13,有人,2.5364
17:17:13,有人,2.5340
17:17:13,有人,2.5374
17:17:13,有人,2.5335
17:17:13,有人,2.5322
17:17:13,有人,2.5333
17:17:13,有人,2.5295
17:17:13,有人,2.5298
17:17:13,有人,2.5268
17:17:13,有人,2.5258
17:17:13,有人,2.5217
17:17:13,有人,2.5215
17:17:13,有人,2.5215
17:17:13,有人,2.5140
17:17:13,有人,2.5135
17:17:14,有人,2.2551
17:17:14,有人,2.2553
17:17:14,有人,2.2590
17:17:14,有人,2.2587
17:17:14,有人,2.2601
17:17:14,有人,2.2604
17:17:14,有人,2.2590
17:17:14,有人,2.2596
17:17:14,有人,2.2602
17:17:14,有人,2.2591
17:17:14,有人,2.2585
17:17:14,有人,2.0313
17:17:14,有人,2.0306
17:17:14,有人,2.0252
17:17:14,有人,1.7171
17:17:14,有人,1.4083
17:17:14,有人,1.0858
17:17:14,有人,1.0853
17:17:14,没人,0.7799
17:17:14,没人,0.7798
17:17:14,没人,0.7823
17:17:14,没人,0.7847
17:17:14,没人,0.7853
17:17:14,没人,0.7830
17:17:14,没人,0.7816
17:17:14,没人,0.7823
17:17:14,没人,0.7828
17:17:14,没人,0.7809
17:17:14,没人,0.7776
17:17:14,没人,0.7818
17:17:14,没人,0.8058
17:17:14,没人,0.8032
17:17:14,没人,0.8066
17:17:14,没人,0.8064
17:17:14,没人,0.8069
17:17:14,没人,0.8050
17:17:14,没人,0.8093
17:17:14,没人,0.8115
17:17:14,没人,0.8061
17:17:14,没人,0.8066
17:17:14,没人,0.8046
17:17:14,没人,0.8057
17:17:14,没人,0.8078
17:17:14,没人,0.8069
17:17:14,没人,0.7786
17:17:14,没人,0.7778
17:17:14,没人,0.7784
17:17:14,没人,0.7765
17:17:14,没人,0.7801
17:17:14,没人,0.7756
17:17:15,没人,0.7755
17:17:15,没人,0.7743
17:17:15,没人,0.7755
17:17:15,没人,0.7752
17:17:15,没人,0.7744
17:17:15,没人,0.7744
17:17:15,没人,0.7724
17:17:15,没人,0.7791
17:17:15,没人,0.7805
17:17:15,没人,0.7809
17:17:15,没人,0.7807
17:17:15,没人,0.7812
17:17:15,没人,0.7806
17:17:15,没人,0.7799
17:17:15,没人,0.7755
17:17:15,没人,0.7779
17:17:15,没人,0.7366
17:17:15,没人,0.7389
17:17:15,没人,0.7387
17:17:15,没人,0.7429
17:17:15,没人,0.7432
17:17:15,没人,0.7483
17:17:15,没人,0.7496
17:17:15,没人,0.7503
17:17:15,没人,0.7473
17:17:15,没人,0.7479
17:17:15,没人,0.7458
17:17:15,没人,0.7405
17:17:15,没人,0.7065
17:17:15,没人,0.7027
17:17:15,没人,0.7037
17:17:15,没人,0.7022
17:17:15,没人,0.3450
17:17:15,没人,0.3436
17:17:15,没人,0.3443
17:17:15,没人,0.3460
17:17:15,没人,0.3477
17:17:15,没人,0.3489
17:17:15,没人,0.3491
17:17:15,没人,0.3513
17:17:15,没人,0.3520
17:17:15,没人,0.3593
17:17:15,没人,0.3572
17:17:15,没人,0.3576
17:17:15,没人,0.3552
17:17:15,没人,0.3543
17:17:15,没人,0.3569
17:17:15,没人,0.3565
17:17:15,没人,0.3559
17:17:15,没人,0.3554
17:17:16,没人,0.3552
17:17:16,没人,0.3534
17:17:16,没人,0.3541
17:17:16,没人,0.3539
17:17:16,没人,0.3541
17:17:16,没人,0.3571
17:17:16,没人,0.3573
17:17:16,没人,0.3548
17:17:16,没人,0.3548
17:17:16,没人,0.3584
17:17:16,没人,0.3590
17:17:16,没人,0.3564
17:17:16,没人,0.3564
17:17:16,没人,0.3536
17:17:16,没人,0.3528
17:17:16,没人,0.3507
17:17:16,没人,0.3515
17:17:16,没人,0.3554
17:17:16,没人,0.3537
17:17:16,没人,0.3581
17:17:16,没人,0.3550
17:17:16,没人,0.3525
17:17:16,没人,0.3539
17:17:16,没人,0.3590
17:17:16,没人,0.3591
17:17:16,没人,0.3653
17:17:16,没人,0.3683
17:17:16,没人,0.3680
17:17:16,没人,0.3692
17:17:16,没人,0.3631
17:17:16,没人,0.3351
17:17:16,没人,0.3351
17:17:16,没人,0.3355
17:17:16,没人,0.3335
17:17:16,没人,0.3396
17:17:16,没人,0.3399
17:17:16,没人,0.3354
17:17:16,没人,0.3344
17:17:16,没人,0.3345
17:17:16,没人,0.3355
17:17:16,没人,0.3358
17:17:16,没人,0.3314
17:17:16,没人,0.3259
17:17:16,没人,0.3257
17:17:16,没人,0.3281
17:17:16,没人,0.3312
17:17:16,没人,0.3346
17:17:16,没人,0.3344
17:17:16,没人,0.3299
17:17:16,没人,0.3313
17:17:17,没人,0.3299
17:17:17,没人,0.3268
17:17:17,没人,0.3273
17:17:17,没人,0.3292
17:17:17,没人,0.3343
17:17:17,没人,0.3356
17:17:17,没人,0.3371
17:17:17,没人,0.3310
17:17:17,没人,0.3318
17:17:17,没人,0.3303
17:17:17,没人,0.3288
17:17:17,没人,0.3291
17:17:17,没人,0.3303
17:17:17,没人,0.3290
17:17:17,没人,0.3293
17:17:17,没人,0.3257
17:17:17,没人,0.3263
17:17:17,没人,0.3241
17:17:17,没人,0.3304
17:17:17,没人,0.3295
17:17:17,没人,0.3291
17:17:17,没人,0.2980
17:17:17,没人,0.2971
17:17:17,没人,0.2964
17:17:17,没人,0.2948
17:17:17,没人,0.2932
17:17:17,没人,0.2944
17:17:17,没人,0.2986
17:17:17,没人,0.2985
17:17:17,没人,0.3009
17:17:17,没人,0.3033
17:17:17,没人,0.3064
17:17:17,没人,0.3046
17:17:17,没人,0.3005
17:17:17,没人,0.2998
17:17:17,没人,0.2991
17:17:17,没人,0.2987
17:17:17,没人,0.2953
17:17:17,没人,0.2970
17:17:17,没人,0.2939
17:17:17,没人,0.2931
17:17:17,没人,0.2851
17:17:17,没人,0.2839
17:17:17,没人,0.2832
17:17:17,没人,0.2844
17:17:17,没人,0.2879
17:17:17,没人,0.2835
17:17:17,没人,0.2851
17:17:17,没人,0.2877
17:17:18,没人,0.2911
17:17:18,没人,0.2918
17:17:18,没人,0.2910
17:17:18,没人,0.2876
17:17:18,没人,0.2888
17:17:18,没人,0.2887
17:17:18,没人,0.2875
17:17:18,没人,0.2882
17:17:18,没人,0.2897
17:17:18,没人,0.2915
17:17:18,没人,0.2866
17:17:18,没人,0.2885
17:17:18,没人,0.2895
17:17:18,没人,0.2927
17:17:18,没人,0.2932
17:17:18,没人,0.2923
17:17:18,没人,0.2909
17:17:18,没人,0.2880
17:17:18,没人,0.2862
17:17:18,没人,0.2893
17:17:18,没人,0.2858
17:17:18,没人,0.2859
17:17:18,没人,0.2864
17:17:18,没人,0.2849
17:17:18,没人,0.2832
17:17:18,没人,0.2835
17:17:18,没人,0.2808
17:17:18,没人,0.2780
17:17:18,没人,0.2794
17:17:18,没人,0.2810
17:17:18,没人,0.2803
17:17:18,没人,0.2797
17:17:18,没人,0.2814
17:17:18,没人,0.2779
17:17:18,没人,0.2780
17:17:18,没人,0.2779
17:17:18,没人,0.2792
17:17:18,没人,0.2801
17:17:18,没人,0.2801
17:17:18,没人,0.2797
17:17:18,没人,0.2813
17:17:18,没人,0.2824
17:17:18,没人,0.2832
17:17:18,没人,0.2839
17:17:18,没人,0.2851
17:17:18,没人,0.2820
17:17:18,没人,0.2797
17:17:18,没人,0.2828
17:17:18,没人,0.2826
17:17:18,没人,0.2836
17:17:19,没人,0.2875
17:17:19,没人,0.2896
17:17:19,没人,0.2894
17:17:19,没人,0.2897
17:17:19,没人,0.2887
17:17:19,没人,0.2857
17:17:19,没人,0.2827
17:17:19,没人,0.2789
17:17:19,没人,0.2768
17:17:19,没人,0.2778
17:17:19,没人,0.2782
17:17:19,没人,0.2786
17:17:19,没人,0.2785
17:17:19,没人,0.2785
17:17:19,没人,0.2790
17:17:19,没人,0.2769
17:17:19,没人,0.2761
17:17:19,没人,0.2746
17:17:19,没人,0.2751
17:17:19,没人,0.2712
17:17:19,没人,0.2683
17:17:19,没人,0.2693
17:17:19,没人,0.2695
17:17:19,没人,0.2699
17:17:19,没人,0.2714
17:17:19,没人,0.2723
17:17:19,没人,0.2700
17:17:19,没人,0.2696
17:17:19,没人,0.2664
17:17:19,没人,0.2659
17:17:19,没人,0.2655
17:17:19,没人,0.2632
17:17:19,没人,0.2636
17:17:19,没人,0.2654
17:17:19,没人,0.2654
17:17:19,没人,0.2756
17:17:19,没人,0.2743
17:17:19,没人,0.2747
17:17:19,没人,0.2831
17:17:19,没人,0.2904
17:17:19,没人,0.3237
17:17:19,没人,0.3317
17:17:19,没人,0.3530
17:17:19,没人,0.3806
17:17:19,没人,0.4083
17:17:19,没人,0.4416
17:17:19,没人,0.4654
17:17:19,没人,0.5017
17:17:19,没人,0.5316
17:17:20,没人,0.5614
17:17:20,没人,0.5826
17:17:20,没人,0.5979
17:17:20,没人,0.6036
17:17:20,没人,0.6099
17:17:20,没人,0.6103
17:17:20,没人,0.6095
17:17:20,没人,0.6190
17:17:20,没人,0.6234
17:17:20,没人,0.6238
17:17:20,没人,0.6404
17:17:20,没人,0.6512
17:17:20,没人,0.6563
17:17:20,没人,0.6599
17:17:20,没人,0.6682
17:17:20,没人,0.6925
17:17:20,没人,0.7134
17:17:20,没人,0.7335
17:17:20,没人,0.7426
17:17:20,没人,0.7537
17:17:20,没人,0.7605
17:17:20,没人,0.8995
17:17:20,没人,0.9057
17:17:20,没人,0.9092
17:17:20,没人,0.9149
17:17:20,没人,0.9256
17:17:20,没人,0.9927
17:17:20,没人,0.9996
17:17:20,没人,1.0038
17:17:20,没人,1.0055
17:17:20,没人,1.0057
17:17:20,没人,1.0419
17:17:20,没人,1.2817
17:17:20,没人,1.3043
17:17:20,没人,1.3565
17:17:20,没人,1.3984
17:17:20,没人,1.4671
17:17:20,没人,1.5471
17:17:20,没人,1.6089
17:17:20,有人,1.6888
17:17:20,有人,1.8346
17:17:20,有人,2.0265
17:17:20,有人,2.2667
17:17:20,有人,2.5394
17:17:20,有人,2.8814
17:17:20,有人,3.2820
17:17:20,有人,3.8239
17:17:20,有人,4.4314
17:17:20,有人,5.0322
17:17:20,有人,5.6321
17:17:21,有人,6.2350
17:17:21,有人,6.7045
17:17:21,有人,7.2514
17:17:21,有人,7.6520
17:17:21,有人,8.0583
17:17:21,有人,8.4735
17:17:21,有人,9.0005
17:17:21,有人,9.5422
17:17:21,有人,9.9669
17:17:21,有人,10.2258
17:17:21,有人,10.3806
17:17:21,有人,10.3844
17:17:21,有人,10.3590
17:17:21,有人,10.3613
17:17:21,有人,10.3237
17:17:21,有人,10.2982
17:17:21,有人,10.2663
17:17:21,有人,10.2390
17:17:21,有人,10.2221
17:17:21,有人,10.1963
17:17:21,有人,10.1724
17:17:21,有人,10.1487
17:17:21,有人,10.1329
17:17:21,有人,10.1026
17:17:21,有人,10.0734
17:17:21,有人,10.0480
17:17:21,有人,10.0238
17:17:21,有人,10.0393
17:17:21,有人,10.0379
17:17:21,有人,10.0606
17:17:21,有人,10.1190
17:17:21,有人,10.1701
17:17:21,有人,10.2837
17:17:21,有人,10.5374
17:17:21,有人,10.8429
17:17:21,有人,10.8661
17:17:21,有人,11.1180
17:17:21,有人,11.4284
17:17:21,有人,11.6742
17:17:21,有人,11.9123
17:17:21,有人,12.0650
17:17:21,有人,12.2107
17:17:21,有人,12.3266
17:17:21,有人,12.4011
17:17:21,有人,12.4663
17:17:21,有人,12.5235
17:17:21,有人,12.5801
17:17:21,有人,12.6633
17:17:21,有人,12.7319
17:17:21,有人,12.7662
17:17:21,有人,12.8630
17:17:21,有人,12.9328
17:17:21,有人,13.0141
17:17:21,有人,13.0920
17:17:22,有人,13.1469
17:17:22,有人,13.2256
17:17:22,有人,13.2691
17:17:22,有人,13.3339
17:17:22,有人,13.4199
17:17:22,有人,13.4629
17:17:22,有人,13.4961
17:17:22,有人,13.5398
17:17:22,有人,13.5533
17:17:22,有人,13.5761
17:17:22,有人,13.6132
17:17:22,有人,13.6360
17:17:22,有人,13.6707
17:17:22,有人,13.7061
17:17:22,有人,13.7356
17:17:22,有人,13.7285
17:17:22,有人,13.6675
17:17:22,有人,13.4420
17:17:22,有人,13.3943
17:17:22,有人,13.3155
17:17:22,有人,13.2900
17:17:22,有人,13.2289
17:17:22,有人,13.0515
17:17:22,有人,12.9412
17:17:22,有人,12.8454
17:17:22,有人,12.7404
17:17:22,有人,12.6525
17:17:22,有人,12.4834
17:17:22,有人,12.3088
17:17:22,有人,12.1132
17:17:22,有人,11.8721
17:17:22,有人,11.6108
17:17:22,有人,11.2713
17:17:22,有人,10.9073
17:17:22,有人,10.6369
17:17:22,有人,10.6760
17:17:22,有人,10.6626
17:17:22,有人,10.6586
17:17:22,有人,10.6382
17:17:22,有人,10.5943
17:17:22,有人,10.5269
17:17:22,有人,10.4034
17:17:22,有人,10.1852
17:17:22,有人,9.9141
17:17:22,有人,9.6195
17:17:22,有人,9.3328
17:17:22,有人,9.0293
17:17:22,有人,8.8020
17:17:22,有人,8.6106
17:17:22,有人,8.5154
17:17:22,有人,8.3047
17:17:22,有人,8.0903
17:17:22,有人,7.7709
17:17:22,有人,7.4281
17:17:22,有人,7.1338
17:17:23,有人,6.9880
17:17:23,有人,6.9200
17:17:23,有人,6.9415
17:17:23,有人,6.9443
17:17:23,有人,6.8859
17:17:23,有人,6.8440
17:17:23,有人,6.8048
17:17:23,有人,6.7651
17:17:23,有人,6.7058
17:17:23,有人,6.6424
17:17:23,有人,6.5726
17:17:23,有人,6.4973
17:17:23,有人,6.4129
17:17:23,有人,6.3133
17:17:23,有人,6.2260
17:17:23,有人,6.1516
17:17:23,有人,6.0791
17:17:23,有人,6.0068
17:17:23,有人,5.8715
17:17:23,有人,5.7428
17:17:23,有人,5.6162
17:17:23,有人,5.4395
17:17:23,有人,5.2652
17:17:23,有人,5.0578
17:17:23,有人,4.6957
17:17:23,有人,4.2911
17:17:23,有人,4.1151
17:17:23,有人,3.8515
17:17:23,有人,3.4156
17:17:23,有人,3.0442
17:17:23,有人,2.7284
17:17:23,有人,2.5110
17:17:23,有人,2.4474
17:17:23,有人,2.6869
17:17:23,有人,2.8022
17:17:23,有人,2.7622
17:17:23,有人,3.1026
17:17:23,有人,3.0923
17:17:23,有人,3.0919
17:17:23,有人,3.0899
17:17:23,有人,2.9102
17:17:23,有人,3.0900
17:17:23,有人,3.0866
17:17:23,有人,3.0823
17:17:23,有人,3.0783
17:17:23,有人,3.0715
17:17:23,有人,3.0661
17:17:23,有人,3.0570
17:17:23,有人,3.0375
17:17:23,有人,3.0129
17:17:23,有人,2.9961
17:17:23,有人,2.9645
17:17:24,有人,2.9492
17:17:24,有人,2.7677
17:17:24,有人,2.7534
17:17:24,有人,2.7925
17:17:24,有人,2.7938
17:17:24,有人,2.7883
17:17:24,有人,2.7818
17:17:24,有人,2.7704
17:17:24,有人,2.7513
17:17:24,有人,2.7439
17:17:24,有人,2.7327
17:17:24,有人,2.7243
17:17:24,有人,2.7213
17:17:24,有人,2.5500
17:17:24,有人,2.3827
17:17:24,有人,2.3837
17:17:24,有人,2.3803
17:17:24,有人,2.3622
17:17:24,有人,2.3650
17:17:24,有人,2.3615
17:17:24,有人,2.3633
17:17:24,有人,2.3584
17:17:24,有人,2.3538
17:17:24,有人,2.3462
17:17:24,有人,2.3312
17:17:24,有人,2.3287
17:17:24,有人,2.3286
17:17:24,有人,2.3286
17:17:24,有人,2.1520
17:17:24,有人,2.1537
17:17:24,有人,2.1514
17:17:24,有人,2.1497
17:17:24,有人,2.3604
17:17:24,有人,2.3661
17:17:24,有人,2.3585
17:17:24,有人,2.3620
17:17:24,有人,2.3609
17:17:24,有人,2.5614
17:17:24,有人,2.5627
17:17:24,有人,2.5626
17:17:24,有人,2.5669
17:17:24,有人,2.4032
17:17:24,有人,2.2328
17:17:24,有人,2.2342
17:17:24,有人,2.2312
17:17:24,有人,2.2313
17:17:24,有人,2.2284
17:17:24,有人,2.2310
17:17:24,有人,2.2307
17:17:24,有人,2.2202
17:17:24,有人,2.2146
17:17:25,有人,2.2150
17:17:25,有人,2.2172
17:17:25,有人,2.2177
17:17:25,有人,2.2157
17:17:25,有人,2.4345
17:17:25,有人,2.4460
17:17:25,有人,2.4485
17:17:25,有人,2.4468
17:17:25,有人,2.4442
17:17:25,有人,2.6733
17:17:25,有人,2.6698
17:17:25,有人,2.6666
17:17:25,有人,2.6627
17:17:25,有人,2.6648
17:17:25,有人,2.6692
17:17:25,有人,2.6641
17:17:25,有人,2.6626
17:17:25,有人,2.6596
17:17:25,有人,2.6594
17:17:25,有人,2.6610
17:17:25,有人,2.6556
17:17:25,有人,2.6602
17:17:25,有人,2.6606
17:17:25,有人,2.6604
17:17:25,有人,2.6608
17:17:25,有人,2.6634
17:17:25,有人,2.6591
17:17:25,有人,2.6550
17:17:25,有人,2.6543
17:17:25,有人,2.4858
17:17:25,有人,2.1264
17:17:25,有人,1.9402
17:17:25,有人,1.9299
17:17:25,有人,1.5624
17:17:25,有人,1.7801
17:17:25,有人,1.7758
17:17:25,有人,1.7767
17:17:25,有人,1.7775
17:17:25,有人,1.5963
17:17:25,有人,1.8138
17:17:25,有人,1.8121
17:17:25,有人,1.8111
17:17:25,有人,1.8111
17:17:25,有人,1.8074
17:17:25,有人,1.8077
17:17:25,有人,1.8105
17:17:25,有人,1.8105
17:17:25,有人,1.8104
17:17:25,有人,1.8124
17:17:25,有人,1.8179
17:17:25,有人,1.8207
17:17:25,有人,1.8200
17:17:25,有人,1.7703
17:17:26,有人,1.7699
17:17:26,有人,1.7679
17:17:26,有人,1.7576
17:17:26,有人,1.7513
17:17:26,有人,1.7500
17:17:26,有人,1.7579
17:17:26,有人,1.7581
17:17:26,有人,1.7611
17:17:26,有人,1.7655
17:17:26,有人,1.7639
17:17:26,有人,1.7626
17:17:26,有人,1.7505
17:17:26,有人,1.7477
17:17:26,有人,1.7459
17:17:26,有人,1.7393
17:17:26,有人,1.7315
17:17:26,有人,1.7286
17:17:26,有人,1.7316
17:17:26,有人,1.7326
17:17:26,有人,1.7289
17:17:26,有人,1.7262
17:17:26,有人,1.7260
17:17:26,有人,1.7257
17:17:26,有人,1.7217
17:17:26,有人,1.7207
17:17:26,有人,1.7217
17:17:26,有人,1.7259
17:17:26,有人,1.7208
17:17:26,有人,1.5217
17:17:26,有人,1.5165
17:17:26,有人,1.5172
17:17:26,有人,1.5097
17:17:26,有人,1.5098
17:17:26,有人,1.5168
17:17:26,有人,1.6986
17:17:26,有人,1.7584
17:17:26,有人,1.7499
17:17:26,有人,1.7499
17:17:26,有人,1.7475
17:17:26,有人,1.7457
17:17:26,有人,1.9201
17:17:26,有人,1.9178
17:17:26,有人,1.9129
17:17:26,有人,1.9088
17:17:26,有人,1.9056
17:17:26,有人,1.9057
17:17:26,有人,1.9021
17:17:26,有人,1.8908
17:17:26,有人,1.8819
17:17:26,有人,1.8794
17:17:26,有人,1.8710
17:17:26,有人,1.6657
17:17:26,有人,1.6655
17:17:26,有人,1.6601
17:17:27,有人,1.6588
17:17:27,有人,1.6604
17:17:27,有人,1.4463
17:17:27,有人,1.4459
17:17:27,有人,1.4419
17:17:27,有人,1.4412
17:17:27,有人,1.4396
17:17:27,有人,1.4369
17:17:27,有人,1.4362
17:17:27,有人,1.4347
17:17:27,有人,1.4362
17:17:27,有人,1.4388
17:17:27,有人,1.4301
17:17:27,有人,1.4298
17:17:27,有人,1.4263
17:17:27,有人,1.4268
17:17:27,有人,1.4255
17:17:27,有人,1.4246
17:17:27,有人,1.4249
17:17:27,有人,1.4246
17:17:27,有人,1.4256
17:17:27,有人,1.4227
17:17:27,有人,1.4208
17:17:27,有人,1.4222
17:17:27,有人,1.4202
17:17:27,有人,1.4183
17:17:27,有人,1.4186
17:17:27,有人,1.2156
17:17:27,有人,1.2179
17:17:27,有人,1.2089
17:17:27,有人,1.2125
17:17:27,有人,1.2139
17:17:27,有人,1.0087
17:17:27,有人,1.0117
17:17:27,没人,1.0063
17:17:27,没人,1.0064
17:17:27,没人,1.0073
17:17:27,没人,1.0089
17:17:27,没人,1.0006
17:17:27,没人,1.0013
17:17:27,没人,1.0004
17:17:27,没人,1.0005
17:17:27,没人,1.0024
17:17:27,没人,0.9895
17:17:27,没人,0.9917
17:17:27,没人,0.9903
17:17:27,没人,0.9896
17:17:27,没人,0.9886
17:17:28,没人,0.9921
17:17:28,没人,0.9931
17:17:28,没人,0.9980
17:17:28,没人,0.9969
17:17:28,没人,0.9956
17:17:28,没人,0.9951
17:17:28,没人,0.9968
17:17:28,没人,0.9976
17:17:28,没人,0.9976
17:17:28,没人,0.9994
17:17:28,没人,0.9992
17:17:28,没人,0.9993
17:17:28,没人,0.9998
17:17:28,没人,1.0001
17:17:28,没人,1.0023
17:17:28,没人,1.0021
17:17:28,没人,1.0055
17:17:28,没人,1.0085
17:17:28,没人,1.0101
17:17:28,没人,1.0114
17:17:28,没人,1.0112
17:17:28,没人,1.0133
17:17:28,没人,1.0137
17:17:28,没人,1.0099
17:17:28,没人,1.0096
17:17:28,没人,1.0077
17:17:28,没人,1.0092
17:17:28,没人,1.0076
17:17:28,没人,1.0120
17:17:28,没人,1.0136
17:17:28,没人,1.0130
17:17:28,没人,0.8054
17:17:28,没人,0.6043
17:17:28,没人,0.7335
17:17:28,没人,0.7319
17:17:28,没人,0.7320
17:17:28,没人,0.7331
17:17:28,没人,0.7315
17:17:28,没人,0.7490
17:17:28,没人,0.7501
17:17:28,没人,0.7456
17:17:28,没人,0.7455
17:17:28,没人,0.7457
17:17:28,没人,0.7489
17:17:28,没人,0.7548
17:17:28,没人,0.7534
17:17:28,没人,0.7554
17:17:28,没人,0.7560
17:17:28,没人,0.7580
17:17:28,没人,0.7563
17:17:28,没人,0.7512
17:17:29,没人,0.7484
17:17:29,没人,0.7477
17:17:29,没人,0.7432
17:17:29,没人,0.7470
17:17:29,没人,0.7439
17:17:29,没人,0.7469
17:17:29,没人,0.7470
17:17:29,没人,0.7905
17:17:29,没人,0.7881
17:17:29,没人,0.7898
17:17:29,没人,0.7915
17:17:29,没人,0.7869
17:17:29,没人,0.7860
17:17:29,没人,0.7870
17:17:29,没人,0.7834
17:17:29,没人,0.7860
17:17:29,没人,0.7871
17:17:29,没人,0.7959
17:17:29,没人,0.7943
17:17:29,没人,0.7935
17:17:29,没人,0.7949
17:17:29,没人,0.7945
17:17:29,没人,0.7938
17:17:29,没人,0.7943
17:17:29,没人,0.7942
17:17:29,没人,0.7972
17:17:29,没人,0.7982
17:17:29,没人,0.8058
17:17:29,没人,0.8068
17:17:29,没人,0.8118
17:17:29,没人,0.8145
17:17:29,没人,0.8209
17:17:29,没人,0.8205
17:17:29,没人,0.8232
17:17:29,没人,0.8348
17:17:29,没人,0.8377
17:17:29,没人,0.8493
17:17:29,没人,0.8558
17:17:29,没人,0.8637
17:17:29,没人,0.8611
17:17:29,没人,0.8603
17:17:29,没人,0.8654
17:17:29,没人,0.8735
17:17:29,没人,0.8716
17:17:29,没人,0.8739
17:17:29,没人,0.8730
17:17:29,没人,0.8852
17:17:29,没人,0.8893
17:17:29,没人,0.8934
17:17:29,没人,0.8923
17:17:30,没人,0.9014
17:17:30,没人,0.8952
17:17:30,没人,0.9102
17:17:30,没人,0.9094
17:17:30,没人,0.9105
17:17:30,没人,0.9251
17:17:30,没人,0.9233
17:17:30,没人,0.9377
17:17:30,没人,0.9428
17:17:30,没人,0.9455
17:17:30,没人,0.9476
17:17:30,没人,0.9559
17:17:30,没人,0.9558
17:17:30,没人,0.9497
17:17:30,没人,0.9498
17:17:30,没人,0.9482
17:17:30,没人,0.9506
17:17:30,没人,0.9518
17:17:30,没人,0.9507
17:17:30,没人,0.9552
17:17:30,没人,0.9565
17:17:30,没人,0.9611
17:17:30,没人,0.9616
17:17:30,没人,0.9665
17:17:30,没人,0.9670
17:17:30,没人,0.9628
17:17:30,没人,0.9651
17:17:30,没人,0.9564
17:17:30,没人,0.9630
17:17:30,没人,0.9597
17:17:30,没人,0.9588
17:17:30,没人,0.9689
17:17:30,没人,0.7541
17:17:30,没人,0.7518
17:17:30,没人,0.7496
17:17:30,没人,0.7540
17:17:30,没人,0.7540
17:17:30,没人,0.5238
17:17:30,没人,0.5289
17:17:30,没人,0.5363
17:17:30,没人,0.5393
17:17:30,没人,0.5506
17:17:30,没人,0.5426
17:17:30,没人,0.5382
17:17:30,没人,0.5414
17:17:30,没人,0.5360
17:17:30,没人,0.5395
17:17:30,没人,0.5339
17:17:30,没人,0.5301
17:17:30,没人,0.5290
17:17:31,没人,0.5314
17:17:31,没人,0.5286
17:17:31,没人,0.5281
17:17:31,没人,0.6969
17:17:31,没人,0.6969
17:17:31,没人,0.6880
17:17:31,没人,0.6880
17:17:31,没人,0.6302
17:17:31,没人,0.6320
17:17:31,没人,0.6275
17:17:31,没人,0.6268
17:17:31,没人,0.6206
17:17:31,没人,0.6217
17:17:31,没人,0.6239
17:17:31,没人,0.6269
17:17:31,没人,0.6316
17:17:31,没人,0.6194
17:17:31,没人,0.6184
17:17:31,没人,0.6188
17:17:31,没人,0.6089
17:17:31,没人,0.6093
17:17:31,没人,0.6089
17:17:31,没人,0.6084
17:17:31,没人,0.6106
17:17:31,没人,0.6091
17:17:31,没人,0.6104
17:17:31,没人,0.6022
17:17:31,没人,0.6005
17:17:31,没人,0.6035
17:17:31,没人,0.6054
17:17:31,没人,0.5970
17:17:31,没人,0.5958
17:17:31,没人,0.5974
17:17:31,没人,0.6013
17:17:31,没人,0.5998
17:17:31,没人,0.5846
17:17:31,没人,0.5895
17:17:31,没人,0.5883
17:17:31,没人,0.5879
17:17:31,没人,0.5867
17:17:31,没人,0.5872
17:17:31,没人,0.5991
17:17:31,没人,0.5996
17:17:31,没人,0.5946
17:17:31,没人,0.5958
17:17:31,没人,0.5958
17:17:31,没人,0.6018
17:17:31,没人,0.5997
17:17:31,没人,0.6050
17:17:31,没人,0.6049
17:17:31,没人,0.6120
17:17:32,没人,0.6136
17:17:32,没人,0.6101
17:17:32,没人,0.6135
17:17:32,没人,0.6182
17:17:32,没人,0.6114
17:17:32,没人,0.6142
17:17:32,没人,0.6079
17:17:32,没人,0.6085
17:17:32,没人,0.6000
17:17:32,没人,0.6221
17:17:32,没人,0.6230
17:17:32,没人,0.6250
17:17:32,没人,0.6319
17:17:32,没人,0.6337
17:17:32,没人,0.6339
17:17:32,没人,0.6342
17:17:32,没人,0.6366
17:17:32,没人,0.6366
17:17:32,没人,0.6350
17:17:32,没人,0.6330
17:17:32,没人,0.6470
17:17:32,没人,0.6464
17:17:32,没人,0.6441
17:17:32,没人,0.6377
17:17:32,没人,0.6417
17:17:32,没人,0.6459
17:17:32,没人,0.6514
17:17:32,没人,0.6540
17:17:32,没人,0.6590
17:17:32,没人,0.6567
17:17:32,没人,0.6508
17:17:32,没人,0.6471
17:17:32,没人,0.6576
17:17:32,没人,0.6552
17:17:32,没人,0.6564
17:17:32,没人,0.6548
17:17:32,没人,0.6697
17:17:32,没人,0.6660
17:17:32,没人,0.6573
17:17:32,没人,0.6527
17:17:32,没人,0.6516
17:17:32,没人,0.6561
17:17:32,没人,0.6560
17:17:32,没人,0.6489
17:17:32,没人,0.6550
17:17:32,没人,0.6516
17:17:32,没人,0.6517
17:17:32,没人,0.6505
17:17:32,没人,0.6560
17:17:32,没人,0.6565
17:17:33,没人,0.6625
17:17:33,没人,0.6614
17:17:33,没人,0.4716
17:17:33,没人,0.4723
17:17:33,没人,0.4711
17:17:33,没人,0.4737
17:17:33,没人,0.4645
17:17:33,没人,0.4661
17:17:33,没人,0.4715
17:17:33,没人,0.4679
17:17:33,没人,0.4686
17:17:33,没人,0.4708
17:17:33,没人,0.4693
17:17:33,没人,0.4718
17:17:33,没人,0.4663
17:17:33,没人,0.4683
17:17:33,没人,0.4677
17:17:33,没人,0.5297
17:17:33,没人,0.5298
17:17:33,没人,0.5335
17:17:33,没人,0.5351
17:17:33,没人,0.5355
17:17:33,没人,0.5370
17:17:33,没人,0.5376
17:17:33,没人,0.5435
17:17:33,没人,0.5474
17:17:33,没人,0.5555
17:17:33,没人,0.5539
17:17:33,没人,0.5558
17:17:33,没人,0.5658
17:17:33,没人,0.5699
17:17:33,没人,0.5715
17:17:33,没人,0.5664
17:17:33,没人,0.5675
17:17:33,没人,0.5672
17:17:33,没人,0.5649
17:17:33,没人,0.5667
17:17:33,没人,0.5733
17:17:33,没人,0.5747
17:17:33,没人,0.5744
17:17:33,没人,0.5690
17:17:33,没人,0.5729
17:17:33,没人,0.5739
17:17:33,没人,0.5798
17:17:33,没人,0.5837
17:17:33,没人,0.5708
17:17:33,没人,0.5752
17:17:33,没人,0.5789
17:17:33,没人,0.5926
17:17:33,没人,0.5917
17:17:34,没人,0.5907
17:17:34,没人,0.6180
17:17:34,没人,0.6160
17:17:34,没人,0.6197
17:17:34,没人,0.6301
17:17:34,没人,0.6402
17:17:34,没人,0.6588
17:17:34,没人,0.6640
17:17:34,没人,0.7367
17:17:34,没人,0.7294
17:17:34,没人,0.7393
17:17:34,没人,0.7477
17:17:34,没人,0.7657
17:17:34,没人,0.7737
17:17:34,没人,0.8016
17:17:34,没人,0.8218
17:17:34,没人,0.8321
17:17:34,没人,0.8531
17:17:34,没人,0.8576
17:17:34,没人,0.8788
17:17:34,没人,0.8899
17:17:34,没人,0.9270
17:17:34,没人,0.9435
17:17:34,没人,0.9607
17:17:34,没人,0.9766
17:17:34,没人,0.9835
17:17:34,没人,0.9897
17:17:34,没人,0.9999
17:17:34,没人,1.0187
17:17:34,没人,1.0482
17:17:34,没人,1.0886
17:17:34,没人,1.1235
17:17:34,没人,1.1508
17:17:34,没人,1.1825
17:17:34,没人,1.2177
17:17:34,没人,1.2514
17:17:34,没人,1.2716
17:17:34,没人,1.3283
17:17:34,没人,1.3634
17:17:34,没人,1.4193
17:17:34,没人,1.4726
17:17:34,没人,1.5039
17:17:34,没人,1.5529
17:17:34,有人,1.5971
17:17:34,有人,1.6442
17:17:34,有人,1.6908
17:17:34,有人,1.7398
17:17:34,有人,1.7880
17:17:34,有人,1.8227
17:17:35,有人,1.8826
17:17:35,有人,1.8997
17:17:35,有人,1.9275
17:17:35,有人,1.9573
17:17:35,有人,1.9785
17:17:35,有人,2.0143
17:17:35,有人,2.0461
17:17:35,有人,2.0641
17:17:35,有人,2.0968
17:17:35,有人,2.0984
17:17:35,有人,2.1071
17:17:35,有人,2.1080
17:17:35,有人,2.1239
17:17:35,有人,2.1400
17:17:35,有人,2.1382
17:17:35,有人,2.1451
17:17:35,有人,2.1405
17:17:35,有人,2.1464
17:17:35,有人,2.0757
17:17:35,有人,2.0762
17:17:35,有人,2.0764
17:17:35,有人,2.0772
17:17:35,有人,2.1852
17:17:35,有人,2.1762
17:17:35,有人,2.1733
17:17:35,有人,2.1729
17:17:35,有人,2.1458
17:17:35,有人,2.1172
17:17:35,有人,2.1134
17:17:35,有人,2.1190
17:17:35,有人,2.0965
17:17:35,有人,2.0671
17:17:35,有人,2.0515
17:17:35,有人,2.0351
17:17:35,有人,2.0146
17:17:35,有人,1.9943
17:17:35,有人,1.9600
17:17:35,有人,1.9213
17:17:35,有人,1.8923
17:17:35,有人,1.8547
17:17:35,有人,1.8312
17:17:35,有人,1.7850
17:17:35,有人,1.7403
17:17:35,有人,1.7092
17:17:35,有人,1.6681
17:17:35,有人,1.6351
17:17:35,有人,1.6039
17:17:35,有人,1.5532
17:17:35,有人,1.5190
17:17:35,有人,1.4667
17:17:35,有人,1.4200
17:17:36,有人,1.3783
17:17:36,有人,1.3454
17:17:36,有人,1.3114
17:17:36,有人,1.2632
17:17:36,有人,1.2351
17:17:36,有人,1.1907
17:17:36,有人,1.1361
17:17:36,没人,1.0996
17:17:36,没人,1.0004
17:17:36,没人,0.9421
17:17:36,没人,0.8957
17:17:36,没人,0.8945
17:17:36,没人,0.8930
17:17:36,没人,1.1631
17:17:36,没人,1.1399
17:17:36,没人,1.1418
17:17:36,没人,1.1331
17:17:36,没人,1.1290
17:17:36,没人,1.0946
17:17:36,没人,1.0964
17:17:36,没人,1.0991
17:17:36,没人,1.1163
17:17:36,没人,1.1344
17:17:36,没人,1.1372
17:17:36,没人,1.1352
17:17:36,没人,1.1545
17:17:36,没人,1.1601
17:17:36,没人,1.1810
17:17:36,没人,1.2135
17:17:36,没人,1.2487
17:17:36,没人,1.2843
17:17:36,没人,1.3111
17:17:36,没人,1.3402
17:17:36,没人,1.3753
17:17:36,没人,1.3861
17:17:36,没人,1.4059
17:17:36,没人,1.5996
17:17:36,没人,1.6079
17:17:36,有人,1.6211
17:17:36,有人,1.6176
17:17:36,有人,1.6259
17:17:36,有人,1.6372
17:17:36,有人,1.6462
17:17:36,有人,1.6498
17:17:36,有人,1.6667
17:17:36,有人,1.8459
17:17:36,有人,1.9962
17:17:36,有人,1.9958
17:17:36,有人,1.9905
17:17:36,有人,1.9673
17:17:36,有人,1.9714
17:17:37,有人,2.0041
17:17:37,有人,2.0233
17:17:37,有人,2.0376
17:17:37,有人,2.0298
17:17:37,有人,2.0208
17:17:37,有人,2.0330
17:17:37,有人,2.0295
17:17:37,有人,2.0417
17:17:37,有人,2.0458
17:17:37,有人,2.0925
17:17:37,有人,2.0916
17:17:37,有人,2.2222
17:17:37,有人,2.2282
17:17:37,有人,2.2208
17:17:37,有人,2.3031
17:17:37,有人,2.2942
17:17:37,有人,2.2905
17:17:37,有人,2.2901
17:17:37,有人,2.2594
17:17:37,有人,2.2354
17:17:37,有人,2.0837
17:17:37,有人,2.0704
17:17:37,有人,2.0648
17:17:37,有人,2.0414
17:17:37,有人,2.0344
17:17:37,有人,2.0266
17:17:37,有人,2.0074
17:17:37,有人,1.9820
17:17:37,有人,1.9674
17:17:37,有人,1.9774
17:17:37,有人,1.9659
17:17:37,有人,1.9687
17:17:37,有人,1.9903
17:17:37,有人,2.0423
17:17:37,有人,2.0662
17:17:37,有人,2.0968
17:17:37,有人,2.1155
17:17:37,有人,2.1686
17:17:37,有人,2.2279
17:17:37,有人,2.2509
17:17:37,有人,2.3193
17:17:37,有人,2.3630
17:17:37,有人,2.4182
17:17:37,有人,2.4564
17:17:37,有人,2.5105
17:17:37,有人,2.5632
17:17:38,有人,2.6431
17:17:38,有人,2.6820
17:17:38,有人,2.7380
17:17:38,有人,2.7806
17:17:38,有人,2.8503
17:17:38,有人,2.8903
17:17:38,有人,2.9302
17:17:38,有人,3.0007
17:17:38,有人,3.0765
17:17:38,有人,3.1152
17:17:38,有人,3.1882
17:17:38,有人,3.2402
17:17:38,有人,3.2742
17:17:38,有人,3.3199
17:17:38,有人,3.3631
17:17:38,有人,3.4307
17:17:38,有人,3.2235
17:17:38,有人,3.2746
17:17:38,有人,3.3265
17:17:38,有人,3.3865
17:17:38,有人,3.4601
17:17:38,有人,3.4831
17:17:38,有人,3.4914
17:17:38,有人,3.5160
17:17:38,有人,3.5322
17:17:38,有人,3.5652
17:17:38,有人,3.6036
17:17:38,有人,3.6244
17:17:38,有人,3.6315
17:17:38,有人,3.6592
17:17:38,有人,3.6864
17:17:38,有人,3.7043
17:17:38,有人,3.7174
17:17:38,有人,3.7100
17:17:38,有人,3.7124
17:17:38,有人,3.6937
17:17:38,有人,3.6654
17:17:38,有人,3.6760
17:17:38,有人,3.6665
17:17:38,有人,3.4867
17:17:38,有人,3.4771
17:17:38,有人,3.4754
17:17:38,有人,3.4674
17:17:38,有人,3.4346
17:17:38,有人,3.4225
17:17:38,有人,3.4130
17:17:38,有人,3.3925
17:17:38,有人,3.3395
17:17:39,有人,3.1088
17:17:39,有人,2.9082
17:17:39,有人,2.8723
17:17:39,有人,2.8375
17:17:39,有人,2.8058
17:17:39,有人,2.7721
17:17:39,有人,2.6900
17:17:39,有人,2.6111
17:17:39,有人,2.5601
17:17:39,有人,2.4978
17:17:39,有人,2.4368
17:17:39,有人,2.3785
17:17:39,有人,2.2994
17:17:39,有人,2.2240
17:17:39,有人,2.1510
17:17:39,有人,2.0094
17:17:39,有人,1.9450
17:17:39,有人,1.7011
17:17:39,有人,1.6127
17:17:39,有人,1.5431
17:17:39,有人,1.3555
17:17:39,有人,1.2783
17:17:39,有人,1.1679
17:17:39,有人,1.0645
17:17:39,没人,1.0150
17:17:39,没人,0.9567
17:17:39,没人,0.9071
17:17:39,没人,0.8674
17:17:39,没人,0.7882
17:17:39,没人,0.7412
17:17:39,没人,0.6893
17:17:39,没人,0.6455
17:17:39,没人,0.5926
17:17:39,没人,0.5408
17:17:39,没人,0.5158
17:17:39,没人,0.5068
17:17:39,没人,0.4774
17:17:39,没人,0.4611
17:17:39,没人,0.4543
17:17:39,没人,0.4579
17:17:39,没人,0.4554
17:17:39,没人,0.4578
17:17:39,没人,0.4581
17:17:39,没人,0.4617
17:17:39,没人,0.4637
17:17:39,没人,0.4803
17:17:39,没人,0.4784
17:17:39,没人,0.4786
17:17:39,没人,0.4794
17:17:39,没人,0.4844
17:17:40,没人,0.4834
17:17:40,没人,0.4789
17:17:40,没人,0.4755
17:17:40,没人,0.4794
17:17:40,没人,0.4813
17:17:40,没人,0.4811
17:17:40,没人,0.4785
17:17:40,没人,0.4799
17:17:40,没人,0.4806
17:17:40,没人,0.4786
17:17:40,没人,0.4738
17:17:40,没人,0.4774
17:17:40,没人,0.4747
17:17:40,没人,0.4741
17:17:40,没人,0.4741
17:17:40,没人,0.4748
17:17:40,没人,0.4760
17:17:40,没人,0.4688
17:17:40,没人,0.4690
17:17:40,没人,0.4676
17:17:40,没人,0.4665
17:17:40,没人,0.4615
17:17:40,没人,0.4500
17:17:40,没人,0.4535
17:17:40,没人,0.4546
17:17:40,没人,0.4504
17:17:40,没人,0.4518
17:17:40,没人,0.4538
17:17:40,没人,0.4562
17:17:40,没人,0.4632
17:17:40,没人,0.4621
17:17:40,没人,0.4627
17:17:40,没人,1.0246
17:17:40,没人,1.5584
17:17:40,没人,2.0976
17:17:40,有人,2.1074
17:17:40,有人,2.1201
17:17:40,有人,2.1167
17:17:40,有人,2.1201
17:17:40,有人,2.6132
17:17:40,有人,2.6141
17:17:40,有人,2.6027
17:17:40,有人,2.6151
17:17:40,有人,2.6153
17:17:40,有人,2.6246
17:17:40,有人,2.6352
17:17:40,有人,2.6467
17:17:40,有人,2.6564
17:17:40,有人,2.6584
17:17:40,有人,2.6695
17:17:40,有人,2.6691
17:17:40,有人,2.6681
17:17:41,有人,2.6698
17:17:41,有人,2.6700
17:17:41,有人,2.6728
17:17:41,有人,2.6754
17:17:41,有人,2.6758
17:17:41,有人,2.6761
17:17:41,有人,2.6796
17:17:41,有人,2.6834
17:17:41,有人,2.6848
17:17:41,有人,2.6806
17:17:41,有人,2.6860
17:17:41,有人,2.6877
17:17:41,有人,2.6899
17:17:41,有人,2.6919
17:17:41,有人,2.6974
17:17:41,有人,2.7015
17:17:41,有人,2.7049
17:17:41,有人,2.7093
17:17:41,有人,2.7091
17:17:41,有人,2.7133
17:17:41,有人,2.7178
17:17:41,有人,2.7214
17:17:41,有人,2.7221
17:17:41,有人,2.7284
17:17:41,有人,2.7323
17:17:41,有人,2.7180
17:17:41,有人,2.7193
17:17:41,有人,2.7184
17:17:41,有人,2.7234
17:17:41,有人,2.7269
17:17:41,有人,2.7331
17:17:41,有人,2.7354
17:17:41,有人,3.2433
17:17:41,有人,3.7047
17:17:41,有人,3.7142
17:17:41,有人,3.7208
17:17:41,有人,3.7276
17:17:41,有人,3.7344
17:17:41,有人,4.2458
17:17:41,有人,4.2488
17:17:41,有人,4.2533
17:17:41,有人,4.2586
17:17:41,有人,4.2622
17:17:41,有人,4.2527
17:17:41,有人,4.2586
17:17:41,有人,4.2631
17:17:41,有人,4.2790
17:17:41,有人,4.2842
17:17:41,有人,4.2921
17:17:41,有人,4.2971
17:17:41,有人,4.3001
17:17:42,有人,4.3051
17:17:42,有人,4.3104
17:17:42,有人,4.3155
17:17:42,有人,4.3209
17:17:42,有人,4.3263
17:17:42,有人,4.3293
17:17:42,有人,4.3409
17:17:42,有人,4.3440
17:17:42,有人,4.3481
17:17:42,有人,4.3511
17:17:42,有人,4.3558
17:17:42,有人,4.3598
17:17:42,有人,4.3633
17:17:42,有人,4.3631
17:17:42,有人,4.3651
17:17:42,有人,4.3699
17:17:42,有人,4.3675
17:17:42,有人,4.3696
17:17:42,有人,4.3728
17:17:42,有人,4.3759
17:17:42,有人,4.3746
17:17:42,有人,4.3739
17:17:42,有人,4.3772
17:17:42,有人,4.3766
17:17:42,有人,4.3803
17:17:42,有人,4.3737
17:17:42,有人,4.3763
17:17:42,有人,4.3813
17:17:42,有人,4.3845
17:17:42,有人,3.8376
17:17:42,有人,3.2973
17:17:42,有人,2.7261
17:17:42,有人,2.7179
17:17:42,有人,2.7026
17:17:42,有人,2.7163
17:17:42,有人,2.7269
17:17:42,有人,2.1752
17:17:42,有人,2.1779
17:17:42,有人,2.1871
17:17:42,有人,2.1756
17:17:42,有人,2.1873
17:17:42,有人,2.1819
17:17:42,有人,2.1715
17:17:42,有人,2.1675
17:17:42,有人,2.1579
17:17:42,有人,2.1593
17:17:42,有人,2.1633
17:17:42,有人,2.1819
17:17:42,有人,2.2066
17:17:43,有人,2.2080
17:17:43,有人,2.2211
17:17:43,有人,2.2440
17:17:43,有人,2.2475
17:17:43,有人,2.2613
17:17:43,有人,2.2902
17:17:43,有人,2.2963
17:17:43,有人,2.3105
17:17:43,有人,2.3151
17:17:43,有人,2.3371
17:17:43,有人,2.3618
17:17:43,有人,2.3769
17:17:43,有人,2.3850
17:17:43,有人,2.4167
17:17:43,有人,2.4331
17:17:43,有人,2.4297
17:17:43,有人,2.4227
17:17:43,有人,2.4443
17:17:43,有人,2.4529
17:17:43,有人,2.4866
17:17:43,有人,2.4816
17:17:43,有人,2.4809
17:17:43,有人,2.4992
17:17:43,有人,2.5065
17:17:43,有人,2.5170
17:17:43,有人,2.5108
17:17:43,有人,2.5175
17:17:43,有人,2.5212
17:17:43,有人,2.5140
17:17:43,有人,2.5260
17:17:43,有人,2.5321
17:17:43,有人,2.5486
17:17:43,有人,2.0493
17:17:43,有人,2.0766
17:17:43,有人,2.5933
17:17:43,有人,2.5780
17:17:43,有人,2.5925
17:17:43,有人,2.5958
17:17:43,有人,2.0640
17:17:43,有人,2.5712
17:17:43,有人,3.0475
17:17:43,有人,3.0499
17:17:43,有人,3.0334
17:17:43,有人,3.0281
17:17:43,有人,3.0338
17:17:43,有人,3.0219
17:17:43,有人,3.0133
17:17:43,有人,3.0150
17:17:43,有人,3.0131
17:17:43,有人,2.9876
17:17:43,有人,2.9741
17:17:43,有人,2.9674
17:17:43,有人,2.9602
17:17:43,有人,2.9612
17:17:44,有人,2.9601
17:17:44,有人,3.4534
17:17:44,有人,3.4350
17:17:44,有人,3.7119
17:17:44,有人,3.6940
17:17:44,有人,3.6950
17:17:44,有人,3.6819
17:17:44,有人,3.6526
17:17:44,有人,3.6194
17:17:44,有人,3.6047
17:17:44,有人,3.5741
17:17:44,有人,3.5406
17:17:44,有人,3.5070
17:17:44,有人,3.4824
17:17:44,有人,3.4500
17:17:44,有人,3.4189
17:17:44,有人,3.4031
17:17:44,有人,3.3939
17:17:44,有人,3.3805
17:17:44,有人,3.3579
17:17:44,有人,3.3288
17:17:44,有人,3.3259
17:17:44,有人,3.3012
17:17:44,有人,3.3004
17:17:44,有人,3.2916
17:17:44,有人,3.2810
17:17:44,有人,3.2830
17:17:44,有人,3.2854
17:17:44,有人,3.2763
17:17:44,有人,3.2681
17:17:44,有人,3.2537
17:17:44,有人,3.2578
17:17:44,有人,3.2595
17:17:44,有人,3.2634
17:17:44,有人,3.2538
17:17:44,有人,3.2509
17:17:44,有人,3.2501
17:17:44,有人,3.2539
17:17:44,有人,3.2469
17:17:44,有人,3.2428
17:17:44,有人,3.2585
17:17:44,有人,3.2628
17:17:44,有人,3.2705
17:17:44,有人,3.2727
17:17:44,有人,3.2743
17:17:44,有人,3.2877
17:17:44,有人,3.2875
17:17:44,有人,3.2852
17:17:44,有人,3.2844
17:17:44,有人,3.2831
17:17:44,有人,3.2835
17:17:44,有人,3.3013
17:17:45,有人,3.3032
17:17:45,有人,3.3180
17:17:45,有人,3.3234
17:17:45,有人,3.3231
17:17:45,有人,3.3330
17:17:45,有人,3.3347
17:17:45,有人,3.3452
17:17:45,有人,3.3450
17:17:45,有人,3.3443
17:17:45,有人,3.3615
17:17:45,有人,3.3641
17:17:45,有人,3.3552
17:17:45,有人,3.3617
17:17:45,有人,3.3704
17:17:45,有人,3.3846
17:17:45,有人,3.3921
17:17:45,有人,3.3886
17:17:45,有人,3.3970
17:17:45,有人,3.3963
17:17:45,有人,3.4034
17:17:45,有人,3.4028
17:17:45,有人,3.3985
17:17:45,有人,3.4143
17:17:45,有人,3.4180
17:17:45,有人,3.4191
17:17:45,有人,3.4131
17:17:45,有人,3.4139
17:17:45,有人,2.9434
17:17:45,有人,2.4450
17:17:45,有人,2.4571
17:17:45,有人,2.4457
17:17:45,有人,2.4438
17:17:45,有人,2.4471
17:17:45,有人,1.9403
17:17:45,有人,1.4437
17:17:45,有人,1.4261
17:17:45,有人,1.4239
17:17:45,有人,1.4342
17:17:45,有人,1.4253
17:17:45,有人,1.4199
17:17:45,有人,1.4263
17:17:45,有人,1.4126
17:17:45,有人,1.4052
17:17:45,有人,1.3995
17:17:45,有人,1.3903
17:17:45,有人,1.3896
17:17:45,有人,1.3877
17:17:45,有人,1.3683
17:17:46,有人,1.3657
17:17:46,有人,0.8511
17:17:46,有人,0.8524
17:17:46,没人,0.5439
17:17:46,没人,0.5263
17:17:46,没人,0.5083
17:17:46,没人,0.4922
17:17:46,没人,0.4866
17:17:46,没人,0.4844
17:17:46,没人,0.4849
17:17:46,没人,0.4827
17:17:46,没人,0.4811
17:17:46,没人,0.4692
17:17:46,没人,0.4699
17:17:46,没人,0.4521
17:17:46,没人,0.4487
17:17:46,没人,0.4426
17:17:46,没人,0.4319
17:17:46,没人,0.4278
17:17:46,没人,0.4135
17:17:46,没人,0.4105
17:17:46,没人,0.3986
17:17:46,没人,0.3928
17:17:46,没人,0.3930
17:17:46,没人,0.3961
17:17:46,没人,0.3911
17:17:46,没人,0.3935
17:17:46,没人,0.3937
17:17:46,没人,0.3872
17:17:46,没人,0.3863
17:17:46,没人,0.3822
17:17:46,没人,0.3778
17:17:46,没人,0.3815
17:17:46,没人,0.3770
17:17:46,没人,0.3733
17:17:46,没人,0.3858
17:17:46,没人,0.3914
17:17:46,没人,0.3947
17:17:46,没人,0.3907
17:17:46,没人,0.3917
17:17:46,没人,0.3939
17:17:46,没人,0.4008
17:17:46,没人,0.4088
17:17:46,没人,0.4147
17:17:46,没人,0.4158
17:17:46,没人,0.4271
17:17:46,没人,0.4306
17:17:46,没人,0.4358
17:17:46,没人,0.4381
17:17:47,没人,0.4460
17:17:47,没人,0.4505
17:17:47,没人,0.4597
17:17:47,没人,0.4645
17:17:47,没人,0.4727
17:17:47,没人,0.4772
17:17:47,没人,0.4878
17:17:47,没人,0.4903
17:17:47,没人,0.4997
17:17:47,没人,0.5038
17:17:47,没人,0.5100
17:17:47,没人,0.5119
17:17:47,没人,0.5228
17:17:47,没人,0.5352
17:17:47,没人,0.5382
17:17:47,没人,0.5423
17:17:47,没人,0.5389
17:17:47,没人,0.5427
17:17:47,没人,0.5479
17:17:47,没人,0.5496
17:17:47,没人,0.5490
17:17:47,没人,0.5528
17:17:47,没人,0.5523
17:17:47,没人,0.5532
17:17:47,没人,0.5525
17:17:47,没人,0.5481
17:17:47,没人,0.5490
17:17:47,没人,0.5533
17:17:47,没人,0.5532
17:17:47,没人,0.5568
17:17:47,没人,0.5563
17:17:47,没人,0.5628
17:17:47,没人,0.5647
17:17:47,没人,0.5659
17:17:47,没人,0.5645
17:17:47,没人,0.5641
17:17:47,没人,0.5623
17:17:47,没人,0.5650
17:17:47,没人,0.5706
17:17:47,没人,0.5780
17:17:47,没人,0.5704
17:17:47,没人,0.5667
17:17:47,没人,0.5665
17:17:47,没人,0.5666
17:17:47,没人,0.5645
17:17:47,没人,0.5694
17:17:47,没人,0.5738
17:17:47,没人,0.5737
17:17:47,没人,0.5702
17:17:48,没人,0.5673
17:17:48,没人,0.5713
17:17:48,没人,0.5633
17:17:48,没人,0.5494
17:17:48,没人,0.5430
17:17:48,没人,0.5362
17:17:48,没人,0.5379
17:17:48,没人,0.5386
17:17:48,没人,0.5330
17:17:48,没人,0.5311
17:17:48,没人,0.5290
17:17:48,没人,0.5233
17:17:48,没人,0.5205
17:17:48,没人,0.5159
17:17:48,没人,0.5118
17:17:48,没人,0.5024
17:17:48,没人,0.4998
17:17:48,没人,0.4924
17:17:48,没人,0.4842
17:17:48,没人,0.4720
17:17:48,没人,0.4667
17:17:48,没人,0.4591
17:17:48,没人,0.4519
17:17:48,没人,0.4491
17:17:48,没人,0.4431
17:17:48,没人,0.4384
17:17:48,没人,0.4321
17:17:48,没人,0.4305
17:17:48,没人,0.4213
17:17:48,没人,0.4262
17:17:48,没人,0.4199
17:17:48,没人,0.4158
17:17:48,没人,0.4076
17:17:48,没人,0.4047
17:17:48,没人,0.3872
17:17:48,没人,0.3919
17:17:48,没人,0.3896
17:17:48,没人,0.3808
17:17:48,没人,0.3811
17:17:48,没人,0.3845
17:17:48,没人,0.3857
17:17:48,没人,0.3879
17:17:48,没人,0.3893
17:17:48,没人,0.3918
17:17:48,没人,0.3931
17:17:48,没人,0.3870
17:17:48,没人,0.3889
17:17:48,没人,0.3938
17:17:48,没人,0.3891
17:17:48,没人,0.3912
17:17:49,没人,0.3912
17:17:49,没人,0.3969
17:17:49,没人,0.4051
17:17:49,没人,0.4020
17:17:49,没人,0.4034
17:17:49,没人,0.4074
17:17:49,没人,0.4062
17:17:49,没人,0.4039
17:17:49,没人,0.4051
17:17:49,没人,0.4045
17:17:49,没人,0.4065
17:17:49,没人,0.4100
17:17:49,没人,0.4143
17:17:49,没人,0.4136
17:17:49,没人,0.4146
17:17:49,没人,0.4150
17:17:49,没人,0.4160
17:17:49,没人,0.4162
17:17:49,没人,0.4185
17:17:49,没人,0.4182
17:17:49,没人,0.4241
17:17:49,没人,0.4255
17:17:49,没人,0.4249
17:17:49,没人,0.4244
17:17:49,没人,0.4268
17:17:49,没人,0.4309
17:17:49,没人,0.4329
17:17:49,没人,0.4387
17:17:49,没人,0.4429
17:17:49,没人,0.4486
17:17:49,没人,0.4504
17:17:49,没人,0.4518
17:17:49,没人,0.4503
17:17:49,没人,0.4501
17:17:49,没人,0.4506
17:17:49,没人,0.4532
17:17:49,没人,0.4527
17:17:49,没人,0.4526
17:17:49,没人,0.4502
17:17:49,没人,0.4446
17:17:49,没人,0.4401
17:17:49,没人,0.4382
17:17:49,没人,0.4406
17:17:49,没人,0.4343
17:17:49,没人,0.4370
17:17:49,没人,0.4329
17:17:49,没人,0.4319
17:17:49,没人,0.4281
17:17:49,没人,0.4284
17:17:49,没人,0.4388
17:17:50,没人,0.4400
17:17:50,没人,0.4505
17:17:50,没人,0.4466
17:17:50,没人,0.4729
17:17:50,没人,0.4733
17:17:50,没人,0.4922
17:17:50,没人,0.5166
17:17:50,没人,0.5524
17:17:50,没人,0.5751
17:17:50,没人,0.6140
17:17:50,没人,0.6375
17:17:50,没人,0.6545
17:17:50,没人,0.7043
17:17:50,没人,0.7460
17:17:50,没人,0.7682
17:17:50,没人,0.8240
17:17:50,没人,0.9806
17:17:50,没人,1.0188
17:17:50,没人,1.0654
17:17:50,没人,1.1265
17:17:50,没人,1.1851
17:17:50,没人,1.2102
17:17:50,没人,1.2720
17:17:50,没人,1.3023
17:17:50,没人,1.3662
17:17:50,没人,1.3954
17:17:50,没人,1.4409
17:17:50,没人,1.4861
17:17:50,没人,1.5181
17:17:50,没人,1.5780
17:17:50,有人,1.5965
17:17:50,有人,1.6534
17:17:50,有人,1.6843
17:17:50,有人,1.7152
17:17:50,有人,1.7448
17:17:50,有人,1.7975
17:17:50,有人,1.8318
17:17:50,有人,1.8469
17:17:50,有人,1.8447
17:17:50,有人,1.8544
17:17:50,有人,1.8946
17:17:50,有人,1.9150
17:17:50,有人,1.9342
17:17:50,有人,1.9298
17:17:50,有人,1.9546
17:17:50,有人,1.9795
17:17:50,有人,1.9656
17:17:50,有人,1.9779
17:17:51,有人,1.9679
17:17:51,有人,1.9623
17:17:51,有人,1.9785
17:17:51,有人,1.9953
17:17:51,有人,2.0175
17:17:51,有人,2.0466
17:17:51,有人,2.0291
17:17:51,有人,2.0166
17:17:51,有人,2.0086
17:17:51,有人,1.9949
17:17:51,有人,1.9754
17:17:51,有人,1.9591
17:17:51,有人,1.9456
17:17:51,有人,1.9240
17:17:51,有人,1.9172
17:17:51,有人,1.9141
17:17:51,有人,2.1849
17:17:51,有人,2.4832
17:17:51,有人,2.6994
17:17:51,有人,2.6782
17:17:51,有人,2.9040
17:17:51,有人,2.8686
17:17:51,有人,2.8761
17:17:51,有人,2.8347
17:17:51,有人,2.7896
17:17:51,有人,2.7483
17:17:51,有人,2.7417
17:17:51,有人,2.7238
17:17:51,有人,2.7011
17:17:51,有人,2.6833
17:17:51,有人,2.6739
17:17:51,有人,2.6542
17:17:51,有人,2.6154
17:17:51,有人,2.5962
17:17:51,有人,2.5418
17:17:51,有人,2.5264
17:17:51,有人,2.4692
17:17:51,有人,2.4365
17:17:51,有人,2.3892
17:17:51,有人,2.3595
17:17:51,有人,2.3215
17:17:51,有人,2.2727
17:17:51,有人,2.2422
17:17:51,有人,2.1925
17:17:51,有人,2.1566
17:17:51,有人,2.1024
17:17:51,有人,2.0781
17:17:51,有人,2.0265
17:17:51,有人,1.9708
17:17:51,有人,1.9276
17:17:51,有人,1.9066
17:17:51,有人,1.8773
17:17:51,有人,2.2110
17:17:51,有人,2.1982
17:17:52,有人,2.1671
17:17:52,有人,2.1629
17:17:52,有人,2.1384
17:17:52,有人,2.1274
17:17:52,有人,2.1243
17:17:52,有人,2.1265
17:17:52,有人,2.1183
17:17:52,有人,2.1184
17:17:52,有人,2.1104
17:17:52,有人,2.1021
17:17:52,有人,2.1016
17:17:52,有人,2.1009
17:17:52,有人,2.0947
17:17:52,有人,2.0939
17:17:52,有人,1.9996
17:17:52,有人,2.0024
17:17:52,有人,2.0015
17:17:52,有人,2.0022
17:17:52,有人,2.0035
17:17:52,有人,2.0017
17:17:52,有人,2.0019
17:17:52,有人,2.0022
17:17:52,有人,1.9997
17:17:52,有人,2.0008
17:17:52,有人,2.0020
17:17:52,有人,2.0030
17:17:52,有人,2.0124
17:17:52,有人,2.0104
17:17:52,有人,2.0143
17:17:52,有人,2.0112
17:17:52,有人,2.0153
17:17:52,有人,2.0178
17:17:52,有人,2.0201
17:17:52,有人,1.9834
17:17:52,有人,1.9881
17:17:52,有人,1.9918
17:17:52,有人,1.9913
17:17:52,有人,1.9948
17:17:52,有人,1.9939
17:17:52,有人,1.9913
17:17:52,有人,1.9921
17:17:52,有人,1.9935
17:17:52,有人,1.9920
17:17:52,有人,1.9814
17:17:52,有人,1.9832
17:17:52,有人,1.9846
17:17:52,有人,1.9886
17:17:52,有人,1.9878
17:17:53,有人,1.9883
17:17:53,有人,1.9889
17:17:53,有人,1.9760
17:17:53,有人,1.9711
17:17:53,有人,1.9719
17:17:53,有人,1.9768
17:17:53,有人,1.9815
17:17:53,有人,1.9837
17:17:53,有人,1.9872
17:17:53,有人,1.9904
17:17:53,有人,1.9944
17:17:53,有人,1.9951
17:17:53,有人,2.0028
17:17:53,有人,2.0017
17:17:53,有人,1.7046
17:17:53,有人,1.3514
17:17:53,有人,1.0706
17:17:53,有人,1.0711
17:17:53,没人,0.7989
17:17:53,没人,0.8028
17:17:53,没人,0.8005
17:17:53,没人,0.8063
17:17:53,没人,0.8036
17:17:53,没人,0.8067
17:17:53,没人,0.8065
17:17:53,没人,0.8096
17:17:53,没人,0.8121
17:17:53,没人,0.8083
17:17:53,没人,0.8091
17:17:53,没人,0.8110
17:17:53,没人,0.8108
17:17:53,没人,0.8077
17:17:53,没人,1.4065
17:17:53,没人,1.4023
17:17:53,没人,1.4025
17:17:53,没人,1.4046
17:17:53,没人,1.4038
17:17:53,没人,1.4024
17:17:53,没人,1.3991
17:17:53,没人,1.3973
17:17:53,没人,1.3986
17:17:53,没人,1.4000
17:17:53,没人,1.3979
17:17:53,没人,1.3948
17:17:53,没人,1.3943
17:17:53,没人,1.3984
17:17:53,没人,1.3996
17:17:53,没人,1.3918
17:17:53,没人,1.3854
17:17:54,没人,1.3847
17:17:54,没人,0.9911
17:17:54,没人,0.9857
17:17:54,没人,0.9846
17:17:54,没人,0.9809
17:17:54,没人,0.9846
17:17:54,没人,0.9793
17:17:54,没人,0.9813
17:17:54,没人,0.9799
17:17:54,没人,0.9726
17:17:54,没人,0.9735
17:17:54,没人,0.9764
17:17:54,没人,0.9721
17:17:54,没人,0.9718
17:17:54,没人,0.9674
17:17:54,没人,0.9693
17:17:54,没人,0.9678
17:17:54,没人,0.9613
17:17:54,没人,0.9551
17:17:54,没人,0.9553
17:17:54,没人,0.9562
17:17:54,没人,0.9698
17:17:54,没人,0.9716
17:17:54,没人,0.9706
17:17:54,没人,0.9815
17:17:54,没人,0.9858
17:17:54,没人,1.0051
17:17:54,没人,1.0025
17:17:54,没人,1.0298
17:17:54,没人,1.0282
17:17:54,没人,1.0310
17:17:54,没人,1.0454
17:17:54,没人,1.0637
17:17:54,没人,1.1071
17:17:54,没人,1.1495
17:17:54,没人,1.1643
17:17:54,没人,1.2030
17:17:54,没人,1.2276
17:17:54,没人,1.2560
17:17:54,没人,1.2657
17:17:54,没人,1.2903
17:17:54,没人,1.3375
17:17:54,没人,1.3568
17:17:54,没人,1.3807
17:17:54,没人,1.4013
17:17:54,没人,1.4298
17:17:54,没人,1.4378
17:17:54,没人,1.4732
17:17:54,没人,1.5042
17:17:54,没人,1.5507
17:17:55,有人,1.5679
17:17:55,有人,1.5909
17:17:55,有人,1.6196
17:17:55,有人,1.6538
17:17:55,有人,1.6765
17:17:55,有人,1.6846
17:17:55,有人,1.6972
17:17:55,有人,1.7132
17:17:55,有人,1.7378
17:17:55,有人,1.7736
17:17:55,有人,1.7993
17:17:55,有人,1.8135
17:17:55,有人,1.8234
17:17:55,有人,1.8380
17:17:55,有人,1.8515
17:17:55,有人,1.8643
17:17:55,有人,1.8953
17:17:55,有人,1.9293
17:17:55,有人,1.9493
17:17:55,有人,1.9777
17:17:55,有人,2.0004
17:17:55,有人,2.0077
17:17:55,有人,2.0331
17:17:55,有人,2.0245
17:17:55,有人,2.0267
17:17:55,有人,2.0104
17:17:55,有人,2.0171
17:17:55,有人,2.0402
17:17:55,有人,2.0366
17:17:55,有人,2.0516
17:17:55,有人,2.0438
17:17:55,有人,2.0435
17:17:55,有人,2.0388
17:17:55,有人,1.5517
17:17:55,有人,1.5445
17:17:55,有人,1.5389
17:17:55,有人,1.5622
17:17:55,有人,1.5626
17:17:55,有人,1.5695
17:17:55,有人,1.5738
17:17:55,有人,1.5510
17:17:55,有人,1.5185
17:17:55,有人,1.5227
17:17:55,有人,1.5108
17:17:55,有人,1.4845
17:17:55,有人,1.4629
17:17:55,有人,1.4744
17:17:55,有人,1.4585
17:17:55,有人,1.4894
17:17:56,有人,1.5865
17:17:56,有人,1.6278
17:17:56,有人,1.6866
17:17:56,有人,1.8200
17:17:56,有人,1.9903
17:17:56,有人,2.0875
17:17:56,有人,2.1875
17:17:56,有人,2.3453
17:17:56,有人,2.7837
17:17:56,有人,2.8895
17:17:56,有人,3.3920
17:17:56,有人,3.5020
17:17:56,有人,3.6533
17:17:56,有人,3.7482
17:17:56,有人,3.8858
17:17:56,有人,4.0018
17:17:56,有人,4.1345
17:17:56,有人,4.2202
17:17:56,有人,4.3592
17:17:56,有人,4.4481
17:17:56,有人,4.5505
17:17:56,有人,4.6410
17:17:56,有人,4.7619
17:17:56,有人,4.9093
17:17:56,有人,5.0325
17:17:56,有人,5.1116
17:17:56,有人,5.2228
17:17:56,有人,5.2901
17:17:56,有人,5.3486
17:17:56,有人,5.3982
17:17:56,有人,5.4326
17:17:56,有人,5.4768
17:17:56,有人,5.4865
17:17:56,有人,5.5064
17:17:56,有人,5.5022
17:17:56,有人,5.4912
17:17:56,有人,5.4839
17:17:56,有人,5.4704
17:17:56,有人,5.4715
17:17:56,有人,5.7607
17:17:56,有人,6.0540
17:17:56,有人,6.0476
17:17:56,有人,6.2912
17:17:56,有人,6.6076
17:17:56,有人,6.5958
17:17:56,有人,6.6001
17:17:56,有人,6.5838
17:17:56,有人,6.5748
17:17:56,有人,6.5599
17:17:56,有人,6.5378
17:17:56,有人,6.5210
17:17:56,有人,6.5137
17:17:56,有人,6.5170
17:17:56,有人,6.4895
17:17:56,有人,6.4644
17:17:56,有人,6.4453
17:17:57,有人,6.4494
17:17:57,有人,6.4395
17:17:57,有人,6.4233
17:17:57,有人,6.3912
17:17:57,有人,6.3526
17:17:57,有人,6.3335
17:17:57,有人,6.3166
17:17:57,有人,6.2929
17:17:57,有人,6.2714
17:17:57,有人,6.2537
17:17:57,有人,6.2412
17:17:57,有人,6.2093
17:17:57,有人,6.1627
17:17:57,有人,6.1230
17:17:57,有人,6.0855
17:17:57,有人,6.0532
17:17:57,有人,6.0627
17:17:57,有人,6.0463
17:17:57,有人,6.0526
17:17:57,有人,6.0674
17:17:57,有人,6.0649
17:17:57,有人,6.0325
17:17:57,有人,5.9545
17:17:57,有人,5.9025
17:17:57,有人,5.8112
17:17:57,有人,5.8045
17:17:57,有人,5.8920
17:17:57,有人,6.0145
17:17:57,有人,6.2898
17:17:57,有人,6.9023
17:17:57,有人,7.4775
17:17:57,有人,7.4060
17:17:57,有人,7.3765
17:17:57,有人,7.2797
17:17:57,有人,7.1737
17:17:57,有人,7.1202
17:17:57,有人,7.0883
17:17:57,有人,7.0625
17:17:57,有人,7.0530
17:17:57,有人,7.0548
17:17:57,有人,7.0664
17:17:57,有人,7.0617
17:17:57,有人,7.0724
17:17:57,有人,7.0782
17:17:57,有人,7.0831
17:17:57,有人,7.1086
17:17:57,有人,7.1889
17:17:57,有人,7.1956
17:17:57,有人,7.2306
17:17:57,有人,7.2948
17:17:58,有人,7.3802
17:17:58,有人,7.4290
17:17:58,有人,7.0896
17:17:58,有人,7.1638
17:17:58,有人,6.7025
17:17:58,有人,6.7636
17:17:58,有人,6.7895
17:17:58,有人,6.8292
17:17:58,有人,6.8469
17:17:58,有人,6.8924
17:17:58,有人,6.9470
17:17:58,有人,6.9918
17:17:58,有人,6.9955
17:17:58,有人,7.0514
17:17:58,有人,7.0895
17:17:58,有人,7.1405
17:17:58,有人,7.1534
17:17:58,有人,7.1255
17:17:58,有人,7.1128
17:17:58,有人,7.1526
17:17:58,有人,7.2057
17:17:58,有人,7.4023
17:17:58,有人,7.5888
17:17:58,有人,7.6958
17:17:58,有人,7.7466
17:17:58,有人,7.7621
17:17:58,有人,7.7840
17:17:58,有人,7.8424
17:17:58,有人,7.8632
17:17:58,有人,7.9192
17:17:58,有人,8.3449
17:17:58,有人,8.8833
17:17:58,有人,9.2554
17:17:58,有人,9.4036
17:17:58,有人,9.6379
17:17:58,有人,10.0286
17:17:58,有人,10.1242
17:17:58,有人,10.1932
17:17:58,有人,10.5029
17:17:58,有人,10.8554
17:17:58,有人,11.1821
17:17:58,有人,11.7051
17:17:58,有人,12.1678
17:17:58,有人,12.7211
17:17:58,有人,13.3270
17:17:58,有人,13.9851
17:17:58,有人,14.6547
17:17:58,有人,15.1380
17:17:58,有人,15.7197
17:17:58,有人,16.1736
17:17:59,有人,16.6506
17:17:59,有人,17.0988
17:17:59,有人,17.6426
17:17:59,有人,18.1233
17:17:59,有人,18.5436
17:17:59,有人,18.9214
17:17:59,有人,19.3348
17:17:59,有人,19.7424
17:17:59,有人,20.1960
17:17:59,有人,20.6174
17:17:59,有人,21.0394
17:17:59,有人,21.3939
17:17:59,有人,21.8028
17:17:59,有人,22.1525
17:17:59,有人,22.4777
17:17:59,有人,22.8019
17:17:59,有人,23.0006
17:17:59,有人,23.1727
17:17:59,有人,23.3196
17:17:59,有人,23.4520
17:17:59,有人,23.5173
17:17:59,有人,23.6914
17:17:59,有人,23.8235
17:17:59,有人,23.9126
17:17:59,有人,24.0489
17:17:59,有人,24.2562
17:17:59,有人,24.4600
17:17:59,有人,24.7257
17:17:59,有人,24.9533
17:17:59,有人,25.0215
17:17:59,有人,25.0568
17:17:59,有人,25.2350
17:17:59,有人,25.1008
17:17:59,有人,24.9566
17:17:59,有人,24.8011
17:17:59,有人,24.7688
17:17:59,有人,24.8442
17:17:59,有人,24.8791
17:17:59,有人,24.9772
17:17:59,有人,24.9652
17:17:59,有人,24.8906
17:17:59,有人,24.8403
17:17:59,有人,24.6406
17:17:59,有人,24.4010
17:17:59,有人,24.0842
17:17:59,有人,23.7495
17:17:59,有人,23.1853
17:17:59,有人,22.7542
17:18:00,有人,22.2734
17:18:00,有人,21.7368
17:18:00,有人,21.1722
17:18:00,有人,20.5951
17:18:00,有人,20.0473
17:18:00,有人,19.3404
17:18:00,有人,18.7536
17:18:00,有人,18.0669
17:18:00,有人,17.4416
17:18:00,有人,16.7888
17:18:00,有人,16.1663
17:18:00,有人,15.4879
17:18:00,有人,14.8077
17:18:00,有人,14.1512
17:18:00,有人,13.6335
17:18:00,有人,13.0591
17:18:00,有人,12.5506
17:18:00,有人,11.9584
17:18:00,有人,11.4913
17:18:00,有人,11.0533
17:18:00,有人,10.6579
17:18:00,有人,10.5100
17:18:00,有人,10.3840
17:18:00,有人,10.3296
17:18:00,有人,10.2733
17:18:00,有人,10.1193
17:18:00,有人,9.8423
17:18:00,有人,9.3924
17:18:00,有人,8.9522
17:18:00,有人,8.6061
17:18:00,有人,8.2314
17:18:00,有人,8.0073
17:18:00,有人,8.0557
17:18:00,有人,8.1021
17:18:00,有人,8.2052
17:18:00,有人,8.2483
17:18:00,有人,8.2612
17:18:00,有人,8.3351
17:18:00,有人,8.3899
17:18:00,有人,8.4111
17:18:00,有人,8.4321
17:18:00,有人,8.4562
17:18:00,有人,8.4733
17:18:00,有人,8.5082
17:18:00,有人,8.5549
17:18:00,有人,8.5712
17:18:00,有人,8.5380
17:18:00,有人,8.4870
17:18:00,有人,8.4610
17:18:01,有人,8.4787
17:18:01,有人,8.4270
17:18:01,有人,8.4032
17:18:01,有人,8.3280
17:18:01,有人,8.2630
17:18:01,有人,8.1147
17:18:01,有人,7.9843
17:18:01,有人,7.8359
17:18:01,有人,7.6804
17:18:01,有人,7.5244
17:18:01,有人,7.3904
17:18:01,有人,7.2293
17:18:01,有人,7.0578
17:18:01,有人,6.8552
17:18:01,有人,6.7033
17:18:01,有人,6.5779
17:18:01,有人,6.4244
17:18:01,有人,6.3053
17:18:01,有人,6.1424
17:18:01,有人,6.0128
17:18:01,有人,5.9061
17:18:01,有人,5.7366
17:18:01,有人,5.5522
17:18:01,有人,5.4181
17:18:01,有人,5.2142
17:18:01,有人,5.6103
17:18:01,有人,5.4538
17:18:01,有人,5.3153
17:18:01,有人,5.1691
17:18:01,有人,5.0701
17:18:01,有人,5.1767
17:18:01,有人,5.2417
17:18:01,有人,5.1570
17:18:01,有人,5.0914
17:18:01,有人,4.9993
17:18:01,有人,4.9352
17:18:01,有人,4.8782
17:18:01,有人,4.8216
17:18:01,有人,4.7577
17:18:01,有人,5.1685
17:18:01,有人,5.3391
17:18:01,有人,5.6678
17:18:01,有人,5.5938
17:18:01,有人,5.5307
17:18:01,有人,5.4476
17:18:01,有人,5.6398
17:18:01,有人,5.5703
17:18:01,有人,5.5126
17:18:01,有人,5.4142
17:18:01,有人,5.3275
17:18:01,有人,5.2282
17:18:01,有人,5.1280
17:18:01,有人,5.0318
17:18:01,有人,4.9136
17:18:01,有人,4.8296
17:18:01,有人,4.7194
17:18:02,有人,4.6699
17:18:02,有人,4.6509
17:18:02,有人,4.6447
17:18:02,有人,4.6575
17:18:02,有人,4.6677
17:18:02,有人,4.6779
17:18:02,有人,4.6722
17:18:02,有人,4.6456
17:18:02,有人,4.6301
17:18:02,有人,4.5481
17:18:02,有人,4.4774
17:18:02,有人,4.5981
17:18:02,有人,4.5134
17:18:02,有人,4.4324
17:18:02,有人,4.3908
17:18:02,有人,4.3472
17:18:02,有人,4.3425
17:18:02,有人,4.5430
17:18:02,有人,4.7512
17:18:02,有人,4.7316
17:18:02,有人,4.7435
17:18:02,有人,4.7752
17:18:02,有人,4.7867
17:18:02,有人,4.7939
17:18:02,有人,4.8182
17:18:02,有人,4.8395
17:18:02,有人,4.8657
17:18:02,有人,4.8926
17:18:02,有人,4.9246
17:18:02,有人,4.8794
17:18:02,有人,4.8918
17:18:02,有人,4.9006
17:18:02,有人,4.9056
17:18:02,有人,4.8798
17:18:02,有人,4.9266
17:18:02,有人,4.9736
17:18:02,有人,5.0206
17:18:02,有人,5.0364
17:18:02,有人,5.3195
17:18:02,有人,5.2965
17:18:02,有人,5.3308
17:18:02,有人,5.3521
17:18:02,有人,5.3780
17:18:02,有人,5.6063
17:18:02,有人,5.5944
17:18:02,有人,5.6315
17:18:02,有人,5.6285
17:18:02,有人,5.6549
17:18:02,有人,6.1600
17:18:02,有人,6.1769
17:18:02,有人,6.1965
17:18:02,有人,6.2175
17:18:02,有人,6.2301
17:18:02,有人,6.2365
17:18:02,有人,6.2070
17:18:03,有人,6.2337
17:18:03,有人,6.2453
17:18:03,有人,6.2636
17:18:03,有人,6.2611
17:18:03,有人,6.2620
17:18:03,有人,6.2638
17:18:03,有人,6.2816
17:18:03,有人,6.2718
17:18:03,有人,6.2741
17:18:03,有人,6.2813
17:18:03,有人,6.2692
17:18:03,有人,6.2560
17:18:03,有人,6.2681
17:18:03,有人,6.2772
17:18:03,有人,5.8516
17:18:03,有人,5.8702
17:18:03,有人,5.8920
17:18:03,有人,5.9242
17:18:03,有人,5.9821
17:18:03,有人,5.7542
17:18:03,有人,5.5227
17:18:03,有人,5.5744
17:18:03,有人,5.6456
17:18:03,有人,5.7465
17:18:03,有人,5.8044
17:18:03,有人,5.8538
17:18:03,有人,5.8906
17:18:03,有人,5.8975
17:18:03,有人,5.4640
17:18:03,有人,5.1290
17:18:03,有人,4.7258
17:18:03,有人,4.6999
17:18:03,有人,5.1310
17:18:03,有人,5.1267
17:18:03,有人,4.7422
17:18:03,有人,4.7372
17:18:03,有人,4.7153
17:18:03,有人,4.9842
17:18:03,有人,5.3760
17:18:03,有人,5.6101
17:18:03,有人,5.6048
17:18:03,有人,6.0263
17:18:03,有人,6.0358
17:18:03,有人,6.1048
17:18:03,有人,6.1701
17:18:03,有人,6.2159
17:18:03,有人,6.4314
17:18:03,有人,6.6678
17:18:03,有人,6.7650
17:18:03,有人,6.8672
17:18:03,有人,7.1082
17:18:03,有人,7.2587
17:18:03,有人,7.4857
17:18:03,有人,7.7024
17:18:03,有人,7.9374
17:18:03,有人,8.2148
17:18:03,有人,8.1933
17:18:04,有人,8.4816
17:18:04,有人,8.7953
17:18:04,有人,9.1050
17:18:04,有人,9.4606
17:18:04,有人,9.7365
17:18:04,有人,9.8283
17:18:04,有人,9.8727
17:18:04,有人,10.1591
17:18:04,有人,10.5145
17:18:04,有人,10.8235
17:18:04,有人,11.0928
17:18:04,有人,11.3703
17:18:04,有人,11.6566
17:18:04,有人,11.9888
17:18:04,有人,12.2208
17:18:04,有人,12.4566
17:18:04,有人,12.7040
17:18:04,有人,12.9398
17:18:04,有人,13.1500
17:18:04,有人,13.3308
17:18:04,有人,13.4894
17:18:04,有人,13.6797
17:18:04,有人,13.8092
17:18:04,有人,13.9258
17:18:04,有人,14.0350
17:18:04,有人,14.1596
17:18:04,有人,14.1674
17:18:04,有人,14.2541
17:18:04,有人,14.3266
17:18:04,有人,14.3973
17:18:04,有人,14.4630
17:18:04,有人,14.4523
17:18:04,有人,14.5265
17:18:04,有人,14.5713
17:18:04,有人,14.6020
17:18:04,有人,14.6298
17:18:04,有人,14.2843
17:18:04,有人,14.2377
17:18:04,有人,14.2254
17:18:04,有人,14.2082
17:18:04,有人,14.2041
17:18:04,有人,14.2194
17:18:04,有人,14.2213
17:18:04,有人,14.1390
17:18:04,有人,14.0958
17:18:04,有人,14.0065
17:18:04,有人,13.9592
17:18:04,有人,13.8530
17:18:04,有人,13.7678
17:18:04,有人,13.6801
17:18:04,有人,13.6070
17:18:04,有人,13.5350
17:18:04,有人,13.4448
17:18:04,有人,13.3353
17:18:05,有人,13.2253
17:18:05,有人,13.0751
17:18:05,有人,12.8819
17:18:05,有人,12.6784
17:18:05,有人,12.4369
17:18:05,有人,12.1814
17:18:05,有人,11.9066
17:18:05,有人,11.5655
17:18:05,有人,11.2246
17:18:05,有人,10.8769
17:18:05,有人,10.5361
17:18:05,有人,10.1051
17:18:05,有人,9.6660
17:18:05,有人,9.2843
17:18:05,有人,8.8991
17:18:05,有人,8.4761
17:18:05,有人,8.1331
17:18:05,有人,7.7661
17:18:05,有人,7.3672
17:18:05,有人,7.0220
17:18:05,有人,6.7018
17:18:05,有人,6.2764
17:18:05,有人,5.9083
17:18:05,有人,5.6280
17:18:05,有人,5.3496
17:18:05,有人,5.0766
17:18:05,有人,4.9163
17:18:05,有人,4.4485
17:18:05,有人,4.3094
17:18:05,有人,4.0885
17:18:05,有人,3.6193
17:18:05,有人,3.3961
17:18:05,有人,3.2231
17:18:05,有人,3.0616
17:18:05,有人,2.9033
17:18:05,有人,2.7554
17:18:05,有人,2.7544
17:18:05,有人,2.7196
17:18:05,有人,2.5629
17:18:05,有人,2.4060
17:18:05,有人,2.2656
17:18:05,有人,2.1530
17:18:05,有人,2.1230
17:18:05,有人,2.0291
17:18:05,有人,1.9078
17:18:05,有人,1.8296
17:18:05,有人,1.7790
17:18:05,有人,1.7343
17:18:05,有人,1.7037
17:18:05,有人,1.6480
17:18:05,有人,1.6216
17:18:05,有人,1.6038
17:18:06,有人,1.5651
17:18:06,有人,1.5265
17:18:06,有人,1.5071
17:18:06,有人,1.4938
17:18:06,有人,1.4716
17:18:06,有人,1.4598
17:18:06,有人,1.4562
17:18:06,有人,1.4441
17:18:06,有人,1.4465
17:18:06,有人,1.4452
17:18:06,有人,1.4562
17:18:06,有人,1.4683
17:18:06,有人,1.4764
17:18:06,有人,1.5037
17:18:06,有人,1.5274
17:18:06,有人,1.5760
17:18:06,有人,1.6150
17:18:06,有人,1.6814
17:18:06,有人,1.7534
17:18:06,有人,1.8079
17:18:06,有人,1.8814
17:18:06,有人,2.0277
17:18:06,有人,2.2396
17:18:06,有人,2.4925
17:18:06,有人,2.7791
17:18:06,有人,2.9660
17:18:06,有人,3.1989
17:18:06,有人,3.3314
17:18:06,有人,3.3952
17:18:06,有人,3.4249
17:18:06,有人,3.3428
17:18:06,有人,3.2743
17:18:06,有人,3.1779
17:18:06,有人,3.1917
17:18:06,有人,3.1983
17:18:06,有人,3.1966
17:18:06,有人,3.1964
17:18:06,有人,3.1319
17:18:06,有人,3.1414
17:18:06,有人,3.1505
17:18:06,有人,3.1609
17:18:06,有人,3.1675
17:18:06,有人,3.1683
17:18:06,有人,3.1858
17:18:06,有人,3.2407
17:18:06,有人,3.5609
17:18:06,有人,4.1641
17:18:06,有人,5.0777
17:18:06,有人,5.8387
17:18:07,有人,6.3464
17:18:07,有人,6.6301
17:18:07,有人,6.7049
17:18:07,有人,6.7446
17:18:07,有人,6.7891
17:18:07,有人,6.7966
17:18:07,有人,6.7911
17:18:07,有人,6.7872
17:18:07,有人,6.7769
17:18:07,有人,6.7891
17:18:07,有人,6.8236
17:18:07,有人,6.9300
17:18:07,有人,7.0990
17:18:07,有人,7.5243
17:18:07,有人,7.7729
17:18:07,有人,8.1157
17:18:07,有人,8.4829
17:18:07,有人,8.8146
17:18:07,有人,9.0373
17:18:07,有人,9.1587
17:18:07,有人,9.2707
17:18:07,有人,9.3162
17:18:07,有人,9.3124
17:18:07,有人,9.3112
17:18:07,有人,9.3214
17:18:07,有人,9.3337
17:18:07,有人,9.3360
17:18:07,有人,9.3415
17:18:07,有人,9.3563
17:18:07,有人,9.3305
17:18:07,有人,9.3076
17:18:07,有人,9.2725
17:18:07,有人,9.2376
17:18:07,有人,9.2029
17:18:07,有人,9.1723
17:18:07,有人,9.1193
17:18:07,有人,9.0571
17:18:07,有人,9.0600
17:18:07,有人,9.0619
17:18:07,有人,9.0010
17:18:07,有人,8.9504
17:18:07,有人,8.8019
17:18:07,有人,8.7510
17:18:07,有人,8.7377
17:18:07,有人,8.6745
17:18:07,有人,8.6210
17:18:07,有人,8.5584
17:18:07,有人,8.4892
17:18:07,有人,8.4351
17:18:07,有人,8.3863
17:18:07,有人,8.3185
17:18:07,有人,8.6437
17:18:07,有人,8.9698
17:18:07,有人,8.9146
17:18:07,有人,8.8437
17:18:07,有人,8.7684
17:18:08,有人,8.6767
17:18:08,有人,8.6037
17:18:08,有人,8.5484
17:18:08,有人,8.4930
17:18:08,有人,8.4224
17:18:08,有人,8.3799
17:18:08,有人,8.3542
17:18:08,有人,8.3232
17:18:08,有人,8.2756
17:18:08,有人,8.2140
17:18:08,有人,8.0897
17:18:08,有人,8.0331
17:18:08,有人,8.0882
17:18:08,有人,8.0581
17:18:08,有人,8.1209
17:18:08,有人,8.1888
17:18:08,有人,8.2205
17:18:08,有人,8.2712
17:18:08,有人,8.3027
17:18:08,有人,8.2614
17:18:08,有人,8.2352
17:18:08,有人,8.1982
17:18:08,有人,8.2317
17:18:08,有人,8.2703
17:18:08,有人,8.3054
17:18:08,有人,8.3297
17:18:08,有人,8.3375
17:18:08,有人,8.3348
17:18:08,有人,8.3117
17:18:08,有人,8.2836
17:18:08,有人,8.2290
17:18:08,有人,8.1587
17:18:08,有人,8.1087
17:18:08,有人,8.0419
17:18:08,有人,7.9734
17:18:08,有人,7.8706
17:18:08,有人,7.8387
17:18:08,有人,7.8043
17:18:08,有人,7.7815
17:18:08,有人,7.7626
17:18:08,有人,7.6332
17:18:08,有人,7.3207
17:18:08,有人,6.7461
17:18:08,有人,6.2436
17:18:08,有人,5.9127
17:18:08,有人,5.7543
17:18:08,有人,5.7365
17:18:08,有人,5.6690
17:18:08,有人,5.5668
17:18:08,有人,5.5012
17:18:09,有人,5.4697
17:18:09,有人,5.4345
17:18:09,有人,5.4049
17:18:09,有人,5.3535
17:18:09,有人,5.2929
17:18:09,有人,5.2216
17:18:09,有人,5.1420
17:18:09,有人,4.7917
17:18:09,有人,4.6525
17:18:09,有人,4.4045
17:18:09,有人,4.1097
17:18:09,有人,3.8355
17:18:09,有人,3.6545
17:18:09,有人,3.5422
17:18:09,有人,3.4354
17:18:09,有人,3.4141
17:18:09,有人,3.3838
17:18:09,有人,3.3493
17:18:09,有人,3.3089
17:18:09,有人,3.2544
17:18:09,有人,3.2005
17:18:09,有人,3.1485
17:18:09,有人,3.0942
17:18:09,有人,3.0855
17:18:09,有人,3.0754
17:18:09,有人,3.0721
17:18:09,有人,3.0693
17:18:09,有人,3.0553
17:18:09,有人,3.0379
17:18:09,有人,3.0198
17:18:09,有人,3.0102
17:18:09,有人,2.9191
17:18:09,有人,2.8165
17:18:09,有人,2.8075
17:18:09,有人,2.7984
17:18:09,有人,2.7959
17:18:09,有人,2.7842
17:18:09,有人,2.6993
17:18:09,有人,2.6939
17:18:09,有人,2.6888
17:18:09,有人,2.6770
17:18:09,有人,2.6653
17:18:09,有人,2.6634
17:18:09,有人,2.6424
17:18:09,有人,2.6288
17:18:09,有人,2.1171
17:18:09,有人,1.5850
17:18:09,有人,1.5637
17:18:10,有人,1.5446
17:18:10,有人,1.5234
17:18:10,有人,1.5204
17:18:10,有人,1.5236
17:18:10,有人,1.5114
17:18:10,有人,1.5250
17:18:10,有人,1.5218
17:18:10,有人,1.5075
17:18:10,有人,1.4697
17:18:10,有人,1.4426
17:18:10,有人,1.4135
17:18:10,有人,1.3907
17:18:10,有人,1.3747
17:18:10,有人,1.3508
17:18:10,有人,1.2528
17:18:10,有人,1.2237
